Sequence,GroundTruth
ADMEIIQVNPYATEQYGDCSTPLQHMTG,4.92579729441
ADMEIIQVNPYATEQYGDCSTPLYHMTG,4.65277880001
ADMEIIQVNPYSSEHYGDCATPLYHGTG,4.489446408119999
ADMEIIQVNPYSSEHYGDCATPLYHMTG,3.89115115161
ADMEIIQVNPYSSEHYGDCSTPLYHMTG,4.42329695389
ADMEIIQVNPYSSEQYGDCATPLYHGTG,4.88348648956
ADMEIIQVNPYSSEQYGDCSTPLYHMTG,4.54625847636
ADMEIIQVNPYSSEQYGDVATPLYHGTG,5.86050583416
ADMEIIQVNPYSTEQYGDCSTPLYHMTG,3.62114719096
ADMEIRQVNPVSSEQYGDVATPLQHGTG,5.17487324266
ADMEIRQVNPYSSEQYGDVATPLQHGTG,6.13379033669
ADMEIRQVNPYSSEQYGDVATPLYHGTG,5.409750682219999
ADSELASTNPVSTELYGIVATNLMRQAS,6.145216924590001
ADSELASTNPVSTELYGIVATNLMRQNS,6.0299281049
AEDEVSQTNPVCTEMWGFISENLQHFNR,6.10724793073
AEDEVSQTNPVCTEMWGFISETLQHFNL,4.959585607869999
AEDEVSQTNPVCTEMWGFISETLQHFNR,6.30201694355
AEDEVSQTNPVCTEMWGFISETLQHFPL,5.18125848054
AEDEVSQVNPVCTEMWGFIGETIQHFPL,4.20333126994
AEDEVSQVNPVCTEMWGFISETIQHFPL,5.318327394280001
AEDEVSQVNPVCTEMWGFISETLQHFPL,4.9976902129
AEDEVSTTNPVATEMWGFISENLQHFNR,6.27670445627
AEEEIAQTNPFATEQYGVVSEDLEVGED,5.95403097514
AEEEIAQTNPVATEQYGDAPECPCHEEL,6.38913035073
AEEEIRQTNPVATEQYGDAPECPFHEEL,4.88348648956
AEEEIRTVNPDSTENYGEASTNLQLGDA,6.08673351263
AEEEITTTNPDATENYGEADTNLQLGDA,5.4607716593
AEEEITTTNPDSTENYGEADTNLQLGDA,4.77823221838
AEEEIVQTNPVATEQYGDAPECPCHEEM,5.2477253893
AEEEIWSTNPVATEMYGGVSTTLQRGQM,6.07705845159
AEGEITQTNPFATEQYGSVSENLIQGNV,5.14540941996
AEGEIVSTNPFATEQYGEVSTDPQGGDP,6.08887791481
AEGEIVTTNPFATEQYGEVSTDPQGGDP,5.88706489993
AEGEIWQTNPVATESYGNIEEPPIGGDQ,5.580022457569999
AEHEIWSTNPVATEMYGGVAITLQRGQM,5.15411032107
AEHEIWSVNPVCTEMYGGVAITIQRGQM,5.71934641695
AEHEIWSVNPVCTEMYGGVAITLQRGQM,4.77476932439
AEIEITAVNPDATENYGGAEEDVLNGTE,5.24843830861
AEIEITAVNPDATEQYGGAEEDVLNGTE,5.02444488235
AEMEIRQVNPVSSEQYGDVATPLQHGTG,5.15730519469
AEMEIRQVNPVSTEQYGDVATPLQHGNG,5.14754349176
AEMEIRQVNPVSTEQYGDVATPLQHGTG,6.27585476249
AEMEIYSTNPVSTELYGVCSELLQRGGR,4.95969724996
AENEIACVNPVATEMYGEAAEVCQHGGT,5.262832281690001
AENEIAQTNPDATEQYGVVSEDQENGDD,6.37786552464
AENEIAQTNPFATENYGDAPECPCHEEL,4.29431606679
AENEIAQTNPFATEQYGDAPECPCHEEL,5.5818428932
AENEIAQTNPFATEQYGDVDEDQEVGED,5.3431266052
AENEIAQTNPFATEQYGDVSEDQEVGED,5.39389603744
AENEIAQTNPFATEQYGDVSTDQEVGED,5.17508436979
AENEIAQTNPFATEQYGVVDTDQEVGED,5.96522743924
AENEIAQTNPFATEQYGVVDTDQEVGER,5.9382882386
AENEIAQTNPFATEQYGVVSEDLERGED,5.9135813447
AENEIAQTNPFATEQYGVVSEDQERGED,5.77552105535
AENEIAQTNPFSTEQYGVVSEDQEVGED,6.25063698472
AENEIRQTNPFATEQYGDVDEDLEVGED,4.665674484
AENEIRQTNPFATEQYGDVDEDQEVGED,4.93787012672
AENEIRQTNPFATEQYGDVSEDLEVGED,4.59853575522
AENEIRQTNPFATEQYGDVSEDLEVGND,5.18433030801
AENEIRQTNPFATEQYGDVSENLEVGND,5.36440326483
AENEIRQTNPVATEGYGDAPECPFHEEL,5.593600864069999
AENEIRQTNPVATEQYGDAPECPFHEEL,5.07780038786
AENEIRQTNPYATEGYGDAPECPFHEEL,4.616874909349999
AENEIVQTNPFATEQYGDAPECPCHEEM,5.097457347230001
AENEIVQTNPFAVEQYGDAPECPCHEEM,3.5908130466999992
AENEIVQTNPVATEQYGDAPECPCHEEM,5.78283934057
AENEIWQTNPYATEGYGDAPECPFHEEL,5.23649813388
AEQEIRTTNPCATEQYGIVGMCLQRGEY,4.700188160390001
AEQEIRTTNPVATEQYGIVGMCLQRGEY,5.9328867192
AEQEIVPTNPCASEQYGIAGMCPNFGEY,4.97885853817
AEQEIVPTNPCASEQYGIVGMCLNFGEY,4.56784089034
AEQEIVPTNPCASEQYGIVGMCPNFGEY,6.08179805333
AEQEIVPTNPCATEQYGIVGMCLNFGEY,5.741485880269999
AEQEIVPTNPCSSEQYGIAGMCPNFGEY,5.23708686886
AEQEIVTTNPCATEQYGIVGMCLNFGEY,5.61351936956
AEQEIVTTNPCATEQYGIVGMCLNRGEY,4.73290177032
AEQEIVTTNPCATEQYGIVGMCLQRGEY,5.87754212581
AEQELAGTNPCASETFGDASEILQAPGR,5.86690360536
AEQELAGTNPCASETFGDASEILQRGGR,3.940904186799999
AEQELAGTNPCASETFGDASEILQRPGR,5.73044969609
AEQELAGTNPCASETFGDATEILQAPGR,5.44271440771
AEQELAGTNPCASETYGDASEILQRGGR,6.082198851759999
AEQELAGTNPCATEQFGDATEILQAPGR,5.863061539069999
AEQELAGTNPCATETFGDATEILQAPGR,5.88759129058
AEQELAGTNPVASETYGDASEILQRGGR,5.93428875531
AEQELAGTNSCASETFGDATEILQAPGR,5.29285476479
AEQELAGTNSCATETFGDATEILQAPGR,5.96938656296
AESEIRTVNPDSTENYGEADTNLQLGDA,4.47262466625
AESEIRTVNPDSTENYGEASTNLQLGDA,5.319895456
AESEITTTNPDSTENYGEADTNLQLGDA,5.62131817028
AESEITTVNPDSTENYGEADTNLQLGDA,5.051328176499999
AESEIVQTNPDAVELYGTASNGGCYGDT,4.83833445316
AESEIVQTNPDSVELYGTADNGGCYGDT,4.41724790921
AESEIVQTNPDSVELYGTASNGGCYGDT,4.79847846435
AEVETAATNPVATENFGWVASNLQIGTI,6.33621816562
AEVETAATNPVATENFGWVSSNLQRGNR,5.17135017482
AKEEIRKQNPPATFQSGSVSTFLQRGIN,3.54209300194
AKEEIRTQNPPATFQSGSVSTFLQRGIN,3.48839198211
AKEEIRTQNPVATFQSGSVSTFLQRGIN,2.016237512030001
AKEEIRTQNPVATFQSGSVSTFLQRGNN,2.69313653762
CAWMIRPTNPFAYSNYWHWEHGDDDFLP,6.09854281492
CAWMIRPTNPFAYSNYWHWEHGDDDGLP,5.746189739569999
CCEEIRWYNPGATEQYGAVGTLLPRGNT,4.7444675297
CCEEIRWYNPGATEQYGAVSTLLPRGNT,5.19216484391
CDDELAPTNPCCTEMYGFCADVLCAEEV,6.1696381350100005
CDDELAPTNPCCTEMYGFCADVPCAEEV,5.47458618258
CDDELAPVNPCCTEMYGFCADVPCAEEV,5.86271637616
CDEELAPTNPCATEMYGFCADVLCAEEV,4.57104066955
CDEELAPTNPCCTEMYGFCADVLCAEEV,5.13394779318
CDEELAPTNPVATEMYGFCADVLCAEEV,4.65901075372
CDEELAPTNPVATEMYGFCATVLCAEEV,4.30303328389
CDEELAPTNPVATEMYGFVATVLCAEEV,5.89544920355
CDQEINTTNPVATEGFGDISETLQRGER,5.758418975080001
CDQELNGTNPVSCEGFGDIAETLQHGEM,5.059218962119999
CDQELNGTNPVSCEGFGDIAETLQRGEM,4.36471189571
CDQELNGTNPVSCEGFGDIAETVQHGEM,5.17168439363
CDQELNGVNPCSCEGFGDIAETVQHGEM,5.71989299587
CDQELNGVNPVSCEGFGDIAETVQHGEM,4.6891629505
CDQELNTTNPVACEGFGDISETLQRGEM,5.0744646753
CDQELNTTNPVACEGFGDISETLQRGER,5.73255121874
CDQELNTTNPVATEGFGDISETLQRGER,5.49424470835
CDQELNTTNPVSCEGFGDIAETLQRGEM,5.851001577130001
CDQELNTTNPVSCEGFGDISETLQRGEM,5.85060979802
CEDMIKTVTHFWWQSCKRWCFGEDVVPC,4.162836491719999
CEDMIKTVTHFWWQSCKRWCTGEDVVPC,5.01987853787
CEEEIITTNYVAVEVYGEFSTNYQTEQM,5.75587229297
CEEEILTRNNVPTERYVIVSTRLQNGNR,3.96495776642
CEEEILTTNNVPTERYVIVSTRLQNGNR,4.43547166783
CEEEIRPVNPDCTENYGSVAMCEDPGDG,6.419906364680001
CEEEIRTTNYVATEVYGEFSTNLQTEQM,3.76033194116
CEEEIRTTNYVATEVYGEFSTNYQTEQM,4.447749997610001
CEEEIRTTNYVAVEVYGEFSTNYQTEQM,6.1775024018
CEEEIRWYNPGATEQYGAVSTLLPRGNR,5.0368286068
CEEEIRWYNPGATEQYGAVSTLLPRGNT,4.53857773928
CEEMIKTVTHFATEQCKRVCTGEDVVNC,5.38606404769
CEEMIKTVTHFAWEQCKRVCTGEDVVNC,4.78140738508
CEEMIKTVTHFAWEQCKRVCTGEDVVPC,2.91510269362
CEEMIKTVTHFAWQQCKRVCTGEDVVPC,4.52724791792
CEEMIKTVTHFWWQQCKRVCTGEDVVPC,5.94441297258
CEEMIKTVTHFWWQSCKRVCTGEDVVPC,5.53675500367
CEEMIKTVTHFWWQSCKRWCTGEDVVPC,6.2434380309
CEFEICTVNPCCTEQYGSAPSVIQGPTI,5.97160098403
CEFEICTVNPCCTEQYGSAPTVIQGPTI,5.98826138136
CEFEICTVNPVCTEQYGSAPTVIQGGTI,5.8799936048
CELEIIPVNYVAVEVFGEFGINYQTEQM,6.01195393816
CELEIIPVNYVSVEVFGEFGINYQTEQM,6.10476743546
CELEIIPVNYVSVEVFGEFGITYQTEQM,4.52299896783
CELEIITTNYVAVEVFGEFGINYQTEQM,3.903429481390001
CELEIITTNYVAVEVFGEFSTNYQTEQM,5.70832036349
CELEIITTNYVAVEVYGEFSTNYQTEQM,5.41062312385
CELEIITVNYVAVEVFGEFGINYQTEQM,5.96886601631
CEQEINTTNPVATEGFGDISETLQRGER,5.66493072526
CESEIAPTNPPASEPYGYHNQVDSEAEM,4.43181959054
CESEIATTNPPATEPYGYHNQVDSEAEM,6.32002944621
CETEISCTNPVASELWGDMSANLQRGQM,6.30651472051
CETEISCTNPVASELYGDMSANLQRGQM,5.833200301690001
CETEISCTNPVSSELWGDMAALLQHGQM,5.7808489585
CETEISCTNPVSSELWGDMSALLQHGQM,5.60215272694
CETEISCTNPVSSELWGDMSALLQRGQM,5.66430505339
CETEISTTNPVASELYGDMSANLQRGNM,5.32313279196
CETEISTTNPVASELYGDMSANLQRGQM,5.42329695389
CETEVSCTNPVSSELWGDMAALIQHGQM,4.82486838556
CETEVSCTNPVSSELWGDMAALLQHGQM,5.164246061969999
CETEVSCVNPCSSELWGDMAALIQHGQM,6.37062052348
CETEVSCVNPVSSELWGDMAALIQHGQM,4.81415193859
CEWELRTTRNDATEQYKSVCTVLQRQNR,3.88254135452
CEWELRTTRPDATEQYKSVCTVLQRQNR,4.919133564130001
CEWELRTTRPDATEQYKSVSTVLQRGNR,4.77122025731
CEWELRTTRPDATEQYKSVSTVLQRQNR,3.76736793181
CMLEIIPVNYCSVEVFGEFGITYMTEQM,6.09701099183
CMLEIIPVNYVSVEVFGEFGITYQTEQM,5.8214606346
CNDMIKTVTHFWWQSCKRWCFGEDVVPC,5.72543117941
CNERYQQTGPSASDLMQDGEGLEDQMIG,2.96853049623
CNERYQQTNPSASDLMQDGEGLEDQMIG,3.44108626733
CSLCIRMTLFVATCCQFILQGTVLISAH,5.54311516845
CSLCIRMTLFVMTCCQFILQGTVLISAH,6.1985749744100005
CSLCLHMILFYMHCCQFILQGTVLISAH,6.29192519321
CSLCLRMILFYMHCCQFILQGTVLISAH,6.32313279196
CSLCLRMILFYMTCCQFILQGTVLISAH,5.38974439417
CSLCLRMTLFVMTCCQFILQGTVLISAH,5.893786899509999
DAECIRPTNPFAGCQPWFWHEGPCNEED,4.62741827322
DAECIRPTNPFAGCQYWFWHEGPCNEED,5.50825728793
DAECIRPTNPFATCQYWFWHEGPCNEED,5.26407759471
DAECIRPTNPFATCQYWFWHEGPCNGED,4.87011316184
DAECIRPTNPFATEQYWDWHEGPCDMED,5.73893223957
DAECIRPTNPFATEQYWFWHEGPCNGED,4.55015861278
DAECIRPTNPFATQQYWDWHEGPCDMED,3.78923181209
DAECIRPTNPFATQQYWSWEHGDDPGED,6.07625243166
DAECIRPTNPFAWQIYWCWEHGGDPGLP,4.98719783908
DAECIRPTNPFAWQIYWSWEHGGDPGLP,5.72612494958
DAECIRPTNPFAYAQYWSWDHGDDPGLD,5.68043153667
DAECIRTTNPFATAQYWSWDHGDDPGLD,5.98503649779
DAECIRTTNPFATAQYWSWDTGDDPGLD,6.095722295859999
DAECIRTTNPFATEQYWDWHEGPCDMED,4.32093523626
DAECIRTTNPFATEQYWFWHEGPCNGED,4.349447924
DAECIRTTNPFATEQYWSWDTGDDPGLD,5.68032125997
DAECIRTTNPFATEQYWSWDTGDDPGND,5.73245340559
DAECIRTTNPFATEQYWSWETGDDPGED,5.23121030252
DAECIRTTNPFATEQYWSWETGDDPGND,4.293529078910001
DAECIRTTNPFATQQYWSWEHGDDPGED,6.26121762563
DAECIRTTNPFATQQYWSWETGDDPGED,5.91874253688
DAECIRTTNPFAWQIYGSVEHGGDPGLP,5.56122486212
DAECIRTTNPFAWQIYGSWEHGGDPGLP,5.17175818689
DAECIRTTNPFAWQQYGSVEHGGDPGLP,4.69877022721
DAECIRTTNPFAWQQYGSVEHGGDPGNP,5.50448264945
DAEEIRPTNPFATAQYWDWHEGPCDMED,4.74767514001
DAEEIRPTNPFATEQYWDWHEGPCDMED,4.87537346359
DAEEIRTTNPFATEQYGSVETGDDDGNP,5.69501708759
DAEEIRTTNPFATEQYGSVETGDDPGND,6.37780105229
DAEEIRTTNPFATEQYGSWDTGDDPGND,5.53602655375
DAEEIRTTNPFATEQYGSWETGDDDGNP,6.20541458444
DAEEIRTTNPFATEQYGSWETGDDPGND,4.80478189345
DAEEIRTTNPFATEQYWDWHEGPCDGED,4.60654333383
DAEEIRTTNPFATEQYWDWHEGPCDMED,4.46636567578
DAEEIRTTNPFATEQYWFWHEGPCNGED,4.48311704007
DAEEIRTTNPFATEQYWSWDTGDDPGND,5.87743427285
DAEEIRTTNPFATEQYWSWETGDDDGNP,5.864597137980001
DAEEIRTTNPFATEQYWSWHEGPCNGED,6.0595486833
DAEMIRPTNPFATAQYWDWHEGPCDMED,4.16543985189
DAEMIRPTNPFATSQYWSWEHGDDDGLP,5.65180367659
DAEMIRPTNPFAWQFYGSWEHGGDPGLP,5.60885260704
DAEMIRPTNPFAWQFYWCWEHGGDPGLP,4.46091124569
DAEMIRPTNPFAWQFYWSWEHGGDPGLP,5.008259454609999
DAEMIRPTNPFAYSQYWHWEHGDDDGLP,4.73231756499
DAEMIRPTNPFAYSQYWSWEHGDDDGLP,5.2798053603
DAEMIRTTNPFATEQYWSWEHGDDDGLP,4.13098762568
DAEMIRTTNPFATEQYWSWETGDDDGLP,5.92579729441
DAEMIRTTNPFATEQYWSWETGDDDGNP,4.58594729153
DAEMIRTTNPFATQQYGSVETGLDPGNP,5.12993801119
DAEMIRTTNPFATSQYWSWEHGDDDGLP,4.97233988035
DAEMIRTTNPFAWQFYGSVEHGGDPGLP,6.0513281765
DAEMIRTTNPFAWQQYGSVEHGGDPGLP,4.622016546240001
DAEMIRTTNPFAWQQYGSVEHGGDPGNP,5.25651850776
DAEMIRTTNPFAWQQYGSVEHGLDPGNP,4.34742740324
DAWMIRPTNPFAYSNYWHWEHGDDDGLP,5.18883170025
DAWMIRPTNPFAYSQYWHWEHGDDDGLP,5.89973499783
DCEEIRTTKPVSGPQYGYANTNLDMGNR,5.24023085275
DCEEIRTTNPVSGPQYGYANTNLDMGNR,5.608940189069999
DCEEIRTTNPVSGPQYGYANTNLDRGNR,4.69484285957
DDAETACVNPIACELFGTVSMDLQVPTF,4.09713186611
DDDEITCVNPVSSEMYGIVSNNLQRLNR,5.57059304465
DDDEVRSTNPIASELYGCVGMNLERGNR,6.23453334684
DDDEVRSTNPIASELYGCVGMNLQRGNR,6.140196925
DDDEVRSTNPVASELYGCVGMNLQRGNR,4.872647820269999
DDEEHMDTNPVATEQMGSASTALQRKNT,3.9197985537900006
DDEEHMDTNPVATEQYGSASTALQRKNT,5.94667602409
DDEEHMDTNPVATYQMGSASTALQRKNT,4.05497595351
DDEEIACVNPIACELFGTVSMNLQRPNR,5.39972848275
DDEEIACVNPIACELFGTVSMNLQVPTF,5.20459901611
DDEEIACVNPIACELFGTVSMNLQVPTR,5.57804033139
DDEEIACVNPIACELYGTVSMNLQRGNR,4.96728469441
DDEEIACVNPIACELYGTVSMNLQRPNR,6.13612464992
DDEEIETTNPVATEQYGSVCDCLHYGIT,6.14662514013
DDEEIHCTNPDATEQWGWCDYNLDLGLA,5.008259454609999
DDEEIHCTNPDATEQYGWCDYNLDLGLA,5.481547873919999
DDEEIHCTNPDATEQYGWVDYNLDLGLA,6.318114717189999
DDEEIHCTNPDSTEQWGWCDYNLDLGLA,5.80946238206
DDEEIHCTNPDSTEWWGWCDYNLDLGLA,6.3297975092200005
DDEEIHTTNPDATEQYGWVDYNLDLGLA,5.19997225785
DDEEIRATNPYATEIYGFVGNDLGPGTL,4.31698805174
DDEEIRATNPYATEIYGFVSNDLGPGTL,5.7159501264
DDEEIRAVNPVASEVYGSVSTDLEDGNE,5.56174372385
DDEEIRCTNCDASEQYGVVATCPIRPNS,6.21852338519
DDEEIRCTNPDASEQYGVVATCPIRPNS,4.88348648956
DDEEIRCTNPFASEQYGSVDTNLIHGEP,5.667413194719999
DDEEIRCTNPFATEQYGSVDTNLIHGEP,6.29831017705
DDEEIRCTNPFCSEQYGGVDTNVIHGEP,5.42744263214
DDEEIRCTNPFCSEQYGSVDTNLIHGEP,6.064493439970001
DDEEIRCTNPFCSEQYGSVDTNVIHGEP,5.04126662422
DDEEIRCTNPVASEIYGCVGMNLERGNR,5.823435576780001
DDEEIRCTNPVATEMYGFAGSNLMRLTQ,6.043633784709999
DDEEIRCVNPIACELYGTVSMNLQRGNR,5.48944640812
DDEEIRQVNPVATEMYGIVSEDLDAGNR,3.70770501051
DDEEIRSTNPFCSELYGYVDTPDDQGMA,5.36440326483
DDEEIRTTNPESSEQYGSVETPETRGER,4.32093523626
DDEEIRTTNPFATEQYGYVDTPDDQGMA,5.63344231491
DDEEIRTTNPFCSELYGYVDTPDDQGMA,5.92579729441
DDEEIRTTNPFCSEQYGYVDTPDDQGMA,5.87461857049
DDEEIRTTNPFCTEQYGYVDTPDDQGMA,5.7294498453
DDEEIRTTNPTASEVYGCVSMDLQRGND,5.92829714933
DDEEIRTTNPVATEMYGFAGTNLMRLTQ,6.3697474856100005
DDEEIRTTNPYATEIYGFVSNDLGPGTL,5.36101267563
DDEEIRTVNPIATEQYGTTGTELEREMI,5.63273872937
DDEEIYATNPYASEIYGFVGNDLGPGTL,6.00472776364
DDEEIYATNPYATEIYGFVGNDLGPGTL,5.44159777063
DDEEIYATNPYSSEIYGFVGNDLGPGTL,4.75587229297
DDEELRCTNPVATEIYGCVAMNLQPLNR,6.05543257483
DDEELYATNPYSSEIYGFVGNDLGPGTL,5.750081178069999
DDEELYAVNPYSSEIYGFVGNDLGPGTL,5.940533837669999
DDEETACVNPIACELFGTVSMNLQVPTF,5.19130820133
DDEETRCTNPVACQQYGTMSMDLQVPNR,5.82694390749
DDEETRTTNPTASEVFGCVGMDLQRGTD,5.915380678469999
DDEETRTTNPTASEVFGCVSMDLQRGND,5.73178667445
DDEETRTTNPTASEVFGCVSMDLQRGTD,5.3944158339
DDEETRTTNPTASEVYGCVSMDLQRGND,6.2395191137
DDEETRTTNPVACQQYGTMSMDLQVPNR,5.94018121258
DDEETRTTNPVACQQYGTMSTDLQVPNR,5.765114445280001
DDEEVHCTNPDSTEWWGWCDYNLDLGLA,4.020911834700001
DDEEVRQTNPVSSEQYGVVSTNLQRLTQ,5.31745186626
DDEEVRSTNPFCSELYGYVDMPDDQGMA,5.00190862245
DDEEVRSVNPFCSELYGYVDMPDDQGMA,5.87624146994
DDENIRNTNPVATEQYISVVKQLLRGGR,2.940904186799999
DDENIRTTNPVATEQYISVVKQLLRGGR,3.97160098403
DDENIRTTNPVATEQYISVVKQLQRGGR,5.43038637867
DDGEIWQTNPDATENYGVVAEGINPGED,4.78547600602
DDGEIWQTNPDATENYGVVAENINPGED,5.977430062830001
DDGEIWQTNPDATEQYGVVAENINPGED,5.18860011069
DDGEIWQTNPDATEQYGVVAENINPGND,4.929337652119999
DDGEIWQTNPDATEQYGVVAENIQPGND,4.58492671697
DDMEICTVNCYCTEIWGQVPFPDSMPDQ,4.56044691924
DDMEICTVNCYCTEIWGQVPTPDQMPDQ,4.97826471431
DDMEICTVNCYCTEIWGQVPTPDSMPDQ,5.80026641233
DDMEICTVNCYCTEIWGQVSTPDQMPDQ,4.93127242448
DDMEICTVNCYCTEIYGQVSTPDQMPDQ,6.13098762568
DDMEICTVNPVCTEIYGQVSTPDQMGDQ,6.19856401733
DDMEICTVNPYCTEIYGQVSTPDQMGDQ,4.196063269480001
DDMEICTVNPYCTEIYGQVSTPDQMPDQ,5.8308518775
DDMEIIQVNPYATEQYGDCSTPLQHMTG,5.18083890949
DDMEVACTNPVASEQFGSAAMNLMRLNQ,6.34346504974
DDMEVACTNPVASEQFGSVAMNLMRLNQ,6.24588638964
DDMEVACTNPVASEQFGSVAMNLQRLNQ,5.95924377751
DDMEVACTNPVASEQFGSVSMNLQRLNQ,6.19686901931
DDMEVACTNPVASEQYGSVSMNLQRLNQ,6.19881578882
DDMEVRQTNPVSSEGYGVVSTNLMRLTQ,5.41483537514
DDMEVRQTNPVSSEGYGVVSTNLMRLTR,4.79579130324
DDMEVRQTNPVSSEGYGVVSTNLQRLTR,5.55233889889
DDMEVRQTNPVSSEGYGVVSYNLMRLTQ,4.03908458074
DDMEVRQTNPVSSEGYGVVSYNLQRLTQ,5.52890714185
DDMEVRQTNPVSSEQYGVVSTNLQRLNR,6.398285065880001
DDMEVRQTNPVSSEQYGVVSTNLQRLTQ,6.108661351559999
DDMEVRQTNPVSSEQYGVVSTNLQRLTR,5.765620269519999
DDMEVRTTNPVSSEQYGVVSTNLQRLNR,5.95320345176
DDMPICMVNCYCTAIWGQNPFPDSMPDQ,5.42329695389
DDMPICMVNCYCTEIWGQVPFPDSMPDQ,5.26807845126
DDMPICMVPCYCTAIWGQNPFPDSMPDQ,4.89604995102
DDMPICMVPCYCTAIWVQNPFPDSMPDQ,4.43901518763
DDMPICMVPCYCTAQWVQNPFPDSMPDQ,4.28373272793
DDMPICMVPCYCTAQYVQNPFPDSMPDQ,5.28964390666
DDMPICTVNCYCTEIWGQVPFPDSMPDQ,4.6157409538
DDMPIRMVPCYCTAQYVQNPFPDSMPDQ,4.69606289774
DDMPIRMVPCYCTAQYVQNPTNDSMGDQ,5.02836702806
DDMPIRMVPCYCTAQYVQNPTNDSMPDQ,4.42329695389
DDMPIRMVPCYCTAQYVQNPTPDSMPDQ,2.75253658041
DDQEIRSTNPIATEIWGAVSNNLERGNR,6.378454298869999
DDQEIRSTNPVATEVYGWTSTNLQRPTR,6.307476196750001
DDQEIRTTNPDATEQYGSVEWADFQDDV,3.96129597564
DDQEIRTTNPDATEQYGSVSTADFQDDV,5.95233908187
DDQEIRTTNPDATEQYWSVEWADFQDDV,5.48573100064
DDQEIRTTNPDATEQYWSWEWADFQDDV,5.69812993104
DDQEIRTTNPESSEQYGSVETPETRGER,4.68294077052
DDQEIRTTNPVAMEQYGSSGTLDQFPNA,5.73078131201
DDQEIRTTNPVAMEQYGSSGTLDQFPTA,6.2184048156300005
DDQEIRTTNPVAMEQYGSSGTLLQFPNA,5.1882288084
DDQEIRTTNPVAMEQYGSSSTLLQFPNA,5.50785406396
DDQEIRTTNPVCTEQYGSVGNNDMFGTA,5.9535422849
DDQEIRTVNPHCMEQYGSSGNLDMFPTA,5.04647877684
DDQEIRTVNPHCMEQYGSSGNNDMFPTA,4.64826331889
DDQEIRTVNPHCMEQYGSVGNNDMFPTA,4.98719783908
DDQEIRTVNPHCTEQYGSVGNNDMFGTA,5.12248920542
DDQEIRTVNPHCTEQYGSVGNNDMFPTA,5.13149000405
DDQEIVTTNPESSEQEGSVETPETRGEI,4.90589773698
DDQEIVTTNPESSEQYGSVETPETRGEI,5.262832281690001
DDQEIVTTNPESSEQYGSVETPETRGER,4.96456686458
DDQEIVTTNPESTEHYGSVEYPETIGEI,2.58594729153
DDQEVRAVNPCSSEVYGVVAMNLERGNR,5.74699414163
DDQEVRSTNPIASEIWGAVSNNLERGNR,6.326335224
DDQEVRSVNPIASEIWGAVANNLERGNR,5.81296479825
DDQEVRSVNPIASEIWGAVSNNLERGNR,3.64286333114
DDQEVVTTNPESSEHEGSVEYPETIGEI,5.96427144223
DDQEVVTTNPESSEHEHSVEYPETIGEI,3.40223533836
DDQEVVTTNPESSEHYGSVEYPETIGEI,4.65942717602
DDQEVVTTNPESSEQEGSVETPETIGEI,4.74137272328
DDQEVVTTNPESSEQEGSVETPETRGEI,3.58002245757
DDQEVVTTNPESSEQEGSVEYPETIGEI,4.3769040484
DDQEVVTTNPESTEHYGSVEYPETIGEI,5.768256017430001
DDQEWRTTNPHAMEQYGSSGTLDMFPTA,4.39421589002
DDQEWRTTNPHAMEQYGSSGTLDQFPTA,4.722263900330001
DDQEWRTTNPHCMEQYGSSGNLDMFPTA,5.232775047840001
DDQEWRTTNPHCMEQYGSSGTLDMFPTA,4.54497551047
DDQEWRTTNPVAMEQYGSSGTLDQFPTA,5.36508233994
DDQEWRTVNPHCMEQYGSSGNLDMFPTA,4.7731502844
DDSEIRQVNPVASEMYGIVSEDLDAGDR,5.31640050762
DDSEIRQVNPVATEMYGIVSEDLDAGDR,6.353218518149999
DDSEIRQVNPVATEMYGIVSEDLDAGNR,4.0761315675
DDSEISQVNPVASEMYGIVSEDLDAGDD,6.09290728025
DDSEISQVNPVASEMYGIVSEDLDAGDR,4.92008364322
DDSEISQVNPVASEMYGSVSEDLDAGDD,5.55952484385
DDSEISQVNPVATEMYGSVSEDLDAGDD,4.32093523626
DDVEITSVNPVASEPYGGTSNNLMRLTI,5.66748529882
DDVEITSVNPVASEQYGGTSNNLMRLTI,5.39893774826
DEAEIATVNPVATEVYGDVDDNIQFGNF,6.32548054682
DEAEIATVNPVCTEVYGDADDAICFGNF,4.26072461873
DEAEIATVNPVCTEVYGDVDDAICFGNF,4.26868500794
DEAEIATVNPVCTEVYGDVDDNICFGNF,3.455036377330001
DEAEIRTTMPEATARKGSVSTNVSRGTP,5.91723528091
DEAEIRTTNPEATARKGSVSTNLSRGTP,5.81959789058
DEAEIRTTNPEATARKGSVSTNVSRGTP,6.188831700250001
DEAEIVQVNPVATEQYGGVSTTLQQGTL,5.86577252334
DECEIRTVNPCATETYGCASSEDCRLNH,6.20756826283
DECEITCTNPVATEHYGGVGEALEWLDL,6.17724372597
DECEITCTNPVATEQYGGVGEALEWLDL,6.14785013824
DECEVTCTNPVATEHYGGTGEALEWLDL,6.124115189059999
DEDECRTTNPPATIQIGSGVTLYCDGNR,1.53921624118
DEDEIATTNPCCTEVYGCVDDEDQTGNC,6.281338212790001
DEDEIATTNPVCTEQYGCVSDEDQTGNC,6.14634836893
DEDEIATVNPVSTETYGIVGTNLQRLTR,5.857317556530001
DEDEICTTNPVSTELFGDASTNLQFGDF,6.345550116
DEDEICTTNPVSTELFGDASVNLQFGDF,5.96415110232
DEDEIKAVNPVATECYGGCGDTVQHGTT,6.0346107815500005
DEDEIKAVNPVATEQYGGCGDTVQHGTT,6.351016170039999
DEDEIRAVNPVATEQYGGCGDTVQHGTT,5.61961193607
DEDEIRTFNPVATEIYGDCPTTLYYGQY,4.506667040499999
DEDEIRTFNPVATEIYGDCSTTLYYGQY,5.29516293531
DEDEIRTTNPVSTELFGDASTNLQFGDF,4.893786899509999
DEDEITCVNPVSSEMYGIVSNNLQRLNR,5.67981805276
DEDEITCVNPVSTEMYGIVSNNLQRLNR,4.76647796503
DEDEITCVNPVSTEMYGIVSTNLQRLNR,5.01890669881
DEDEIVCVNPCCSESYGGTSTILQLEMR,6.0551908161300005
DEDEIVCVNPVCSEQYGSVSTILQLGNR,5.65990323444
DEDEIVCVNPVCSESYGGTSTILQLEMR,4.88952190802
DEDEIVCVNPVCSESYGSTSTILQLEMR,6.319618307780001
DEDEIVCVNPVCSESYGSVSTILQLENR,6.307819736469999
DEDEIVCVNPVCSESYGSVSTILQLGNR,6.2108580065800005
DEDEIVTTNPAATETYGDVSADEQSGNF,5.61594203183
DEDEIVTTNPAATETYGDVSTDEQSGNF,5.87849157964
DEDEIVTTNPAGTETYGDVSADEQSGNF,5.78586703327
DEDEIVTVNPAGTETYGDVSADEQSGNF,5.99855363685
DEDEIYQTNPVSTEIYGLVGTTCQKEEM,5.07335448283
DEDEIYQTNPVSTEQYGLVGTTCQKEEM,5.03335043557
DEDEIYQTNPVSTEQYGLVSTTCQKEEM,5.83963276305
DEDEVRAVNPVCYEPFGNIGTNLQVLNR,5.355481569659999
DEDEVRAVNPVCYEPFGNVGTNLQVGNR,6.19138792806
DEDEVRAVNPVCYEPFGSVGTNLQVGNR,6.42603711623
DEDEVVATNPVCTEPFGNIGTNLQVGNR,6.244865735159999
DEDEVVAVNPVCYEPFGNIGTNLQVLNR,5.93740391406
DEDEVVAVNPVCYEPFGNIGTNYQVGNR,6.04937197953
DEDEVVAVNPVCYEPFGNIGTNYQVLNR,5.241892944
DEDLIRATNPWHTEQYGSVSTNKQTGNF,5.01890669881
DEDTCRTTNFPATIQIGSGVTLYCDGDR,4.2893585762
DEDTCRTTNPPATIQIGSGVTLYCDGDR,5.72416343324
DEDTCRTTNPPATIQIGSGVTLYCDGNR,2.46478435388
DEDTCSTTNFPATIQIGSGVTLYCDGDP,3.1086613515600003
DEDTCSTTNFPATIQIGSGVTLYCDGDR,5.17289015638
DEDTCSTTNFPATIWIGSGVTLYCDGDP,2.97160098403
DEDTIRIQNPAATEQYGLVKHNGQRGNR,4.74767514001
DEDTIRTQNPAATEQYGLVKHNGQRGNR,5.59189655786
DEDTIRTQNPAATEQYGLVKHNLQRGNR,4.74137272328
DEEAITTSNPVATHQYLSANNFLYRGNR,4.95233908187
DEEAITTSNPVATHQYLSANTFLYRGNR,5.608940189069999
DEEAITTSNPVATHQYLSANTNLYRGNR,6.021145171000001
DEEAITTSNPVATHQYLSVNTNLYRGNR,6.20359163067
DEEAIVTTNPLATEQKGSVSTFPQRINR,5.46112902741
DEECIRTTNPDATQQEWSWEDPDDDEEP,5.99925945636
DEECIRTTNPDATQQPWSWEDPDDPEEP,6.16072668905
DEECIRTTNPDATQQYWSWEHPDDPGEP,6.20451332248
DEEEARNTNMVATEQYISVSTNLERVNR,5.11221041865
DEEEARTTNPVATENYNSVLTTMQRIPR,4.84542387795
DEEEAWTTNTVATPQYASVSTNLQRYNR,5.92579729441
DEEECRTREPIDTEHYGSVSTNLQRGNR,5.09690921081
DEEECRTSNSLATWGYGSVGTNLQMRNR,6.294599327509999
DEEECRTTNPPATEQYGSGSTLYCDGNR,4.25904070253
DEEECRTTNPPATEQYGSGVTLYCDGNR,4.78829377066
DEEECRTTNPPATIQIGSGVTLYCDGNR,3.53857773928
DEEECRTTNPPATIQYGSGVTLYCDGNR,6.19287384599
DEEECRTTNSLATEGYGSVGTNLQMRNR,6.397197236309999
DEEECRTTNSLATWGYGSVGTNLQMRNR,5.36780184129
DEEECRTVNPVAEIQYHWVSFQLQRGQG,5.58969026436
DEEECRTVNPVAEIQYHWVSFQLQRGQR,5.87849157964
DEEECRTVNPVATIQYHWVSFQLQRGQR,5.522832627440001
DEEECVTTNPFATEQYGYFFTGLQRGNR,6.2798053603
DEEEEIMWNPNAHESYISVSTELQWGNR,4.95276434201
DEEEEIMWNPNAHESYISVSTNLQWGNR,3.9211626485399993
DEEEEIMWNPNATESYISVSTNLQWGNR,4.49953253971
DEEEEIMWNPVATESYISVSTNLQWGNR,3.58720645678
DEEEEITCVPVATGQHGSVTTNLQFGNR,4.93238990397
DEEEERTCVPVATGQHGSVTTNLQFGNR,3.99979787586
DEEEGRTQCAFATESYGSVSYNIFRGND,4.59322195533
DEEEGRWWNPVATEQYGMVKTNLPRGNW,3.77079171281
DEEEGRWWNPVATEQYGMVKTNLPRWNW,4.507944779530001
DEEEGRWWNPVATEQYGMVKTNLPYWNW,3.7120180033800008
DEEEGRWWNPVATEQYGMVKTNYPYWNW,3.83027468337
DEEEIAATNPTATEQFGEVPELECQEDF,5.48395973579
DEEEIAATNPTATEQFGEVSELECQEDF,5.90589773698
DEEEIAQTNPVATEQYGDAPECPCHEEL,5.43086024796
DEEEIAQTNPVATEQYGDVPECPCHEEL,6.40572432444
DEEEIAQVNPVATEIYGEAGEVIQHGNL,6.15555554537
DEEEIAQVNPVATEIYGEAGEVIQRGNL,4.40223533836
DEEEIATTNPTATEQFGEVSELECQEDF,5.58217412843
DEEEIATTNPTATEQYGDVSELECQEDF,5.7397010023
DEEEIATTNPTATEQYGDVSENECQEDF,3.81032007699
DEEEIATTNPTATEQYGEVSELECQEDF,5.693776171880001
DEEEIATTNPTATEQYGEVSENECQEDF,6.37663551512
DEEEICQTNPFATEQYGEASEGLIEGEC,4.87011316184
DEEEICQTNPFATEQYGEASEGLQEGEC,2.7320255510200004
DEEEICSTNPFATEQYGICPNEQQYGLL,5.62811674577
DEEEICTTNPFATEQYGICPNEQQYGLL,4.95510998047
DEEEICTTNPFATEQYGICPTEQQYGLL,5.53347987164
DEEEIETKGPCATEQGGHSSTSLQRGNR,5.232775047840001
DEEEIETKGPCATEQGGHVSTSLQRGNR,2.455477359630001
DEEEIETKGPCATEQGLHSNTSLQRGNR,5.63344231491
DEEEIETKGPCATEQGLHSSTSLQRGNR,4.773794200969999
DEEEIGTTNPYANEYWYSVENLGIRGIP,5.89530058523
DEEEIGTTNPYANEYWYSVETLGIRGIP,5.66748529882
DEEEIHTTNPDATEQYGWVDYNLDLGLA,5.24605656894
DEEEIHVTNPVATFPYGSVGFPLQRGTR,4.66560336327
DEEEIHVTNPVATFQYGSVGFPLQRGTR,4.74454299453
DEEEILTTNNVPTERYVIVSTRLQNGNR,4.12470136283
DEEEIPTANPVDTQQYRSCSTNLQRGNR,4.89431906294
DEEEIQNENPVCGEQRKSCSTNLQEGNR,3.37670519577
DEEEIQNENPVCGQQRKSCSTNLQEGNR,2.350888458360001
DEEEIQQTNPVATDQYGDVETNLDRGIG,5.59189655786
DEEEIQTENPVCGEQRKSCSTNLQEGNR,3.88432065844
DEEEIQTENPVCTEQRKSCSTNLQEGNR,3.047235421860001
DEEEIRATNPCASEQYGAVGSNDQVEDC,4.4773367936
DEEEIRATNPCSTEVYGVVGTADEYGEC,6.14152598547
DEEEIRATNPDCTEQYQSVSIWLNRGDL,6.00714324949
DEEEIRATNPDCTEQYQSVSIWRNRGDL,6.188831700250001
DEEEIRATNPVATEGYGIADTAGEVGDL,6.3576804651300005
DEEEIRATNPVATEGYGIADTAGEVLDL,5.44935925047
DEEEIRATNPVATEVYGVVSTADEYGEC,5.85589528118
DEEEIRAVNPVASEVYGGVGMNLQRGNQ,5.44037046724
DEEEIRAVNPVATEIYGVMSTDLDYGEA,5.96023079148
DEEEIRCCNPVMTEMYGTVDEVEQQGPE,3.87413517459
DEEEIRCTNPFATEVENFSIDPPEQYPS,6.237741300730001
DEEEIRCTNPFATEVENFSSDPPEQYPS,6.32189231114
DEEEIRCTNPHAHDQYHFVADNWWCEFA,4.12829015831
DEEEIRCTNPHAHDQYHFVADNWWREFA,4.32489324982
DEEEIRCTNPHAHDQYHFVSDNWWREFA,5.512810534700001
DEEEIRCTNPHAHDQYHFVSTNWWREFA,4.52866771791
DEEEIRCTNPHATDQYHFVSTNWWREFA,4.96159801584
DEEEIRCTNPHATDQYHFVSTNWWRGFA,4.88626893023
DEEEIRCTNPHDHDCYHFVADNWWCEFA,4.75587229297
DEEEIRCTNPHDHDQYHFVADNWWCEFA,4.81495152573
DEEEIRCTNPVATEQYNSSSDPPEQGPS,5.9634980036
DEEEIRCTNPVATEVENFSSDPPEQYPS,6.05790083042
DEEEIRCTNPVATEVYNSSSDPPEQYPS,4.87849157964
DEEEIRCTNPVMTEMYGTVDEVEQQGPE,5.36039706007
DEEEIRCTNPVMTEMYGTVDEVEQRGPE,6.12302964185
DEEEIRCTNPVMTEMYGTVDEVEQRGPR,5.52542570522
DEEEIRDFNHVATEQYLFASTNRNRGVN,4.233601570369999
DEEEIRDFNHVATEQYLFASTNRQRGVN,5.89604995102
DEEEIRDFNHVATEQYLFASTNRQRGVR,4.35496107593
DEEEIRDMSPVATEQYFSENTNLQRGNR,3.0620251843800013
DEEEIRDTTPIETEHYGAFSINLQRGNV,5.39528257772
DEEEIRDTTPIETEQYGAFSINLQRGNV,3.78966060643
DEEEIRGGNPVACEHYGCVSPNLQRCNR,3.37560021185
DEEEIRGGNPVACNHYGCVSPNLQRCNR,3.78624594202
DEEEIRNTMPEATYQLGSVSTHLQRGNR,4.85710177666
DEEEIRPTNPFATEQYGVVDNGELAGDE,6.36827165704
DEEEIRPTNPFATEQYGVVDNGELAGNE,5.75587229297
DEEEIRPTNPVATEIYGSVDTEPGDGDN,6.16266736064
DEEEIRPTWVDATVWYGSMATDPQRGNM,5.02549930836
DEEEIRPTWVDATVWYGSMSTDLQRGNM,4.1260959449
DEEEIRPTWVDATVWYGSMSTDPQRGNM,3.82776521145
DEEEIRPTWVDATVWYGSVSTDLQRGNM,4.18899804064
DEEEIRPTWVDAYVWYGSMATDPQRGNM,4.18883170025
DEEEIRQTNPVATEQYGDAPECPFHEEL,6.29631612691
DEEEIRTCNPCGIEGMGSLAEDLQIPEM,5.43751081311
DEEEIRTCNPCGTEGMGSLAEDLQIPEM,5.28384419751
DEEEIRTCNPVGIEGMGSLAEDLQIPEM,5.4559939917
DEEEIRTCNPVGIEQMGSLAEDLQIPEM,4.91948352048
DEEEIRTCNPVGIEQMGSVAEDLQIGEM,5.74160732691
DEEEIRTCNPVGIEQMGSVAEDLQIPEM,4.703571213469999
DEEEIRTDNPFAFQQPWSWEDPDDPEEP,3.73817029124
DEEEIRTEVQVATEQKTEVMSNLQRGCR,3.63424284857
DEEEIRTEVQVATEQKTEVMSNLQRGNR,2.876553775389999
DEEEIRTEVQVLTEQKTEVMSNLQRGCR,4.2315361512
DEEEIRTKNPVYTEQSGSVVTNLCRANR,5.12302964185
DEEEIRTMIAVATQQMGSVSTVFQRFNL,4.23887238275
DEEEIRTMIAVATQQMGSVSTVFQRFNR,4.32588445223
DEEEIRTMIPVATQQMGSVSTVFQRFNR,4.524348859880001
DEEEIRTQCAFATEQYGSVSYNIFRGND,3.20333126994
DEEEIRTQCAFATESYGSVSYNIFRGND,4.492837887139999
DEEEIRTQNPVATQQYGEVMTYLGYENS,5.64895708906
DEEEIRTSNGFATEQYYSVSPNLFLGNN,5.04406017603
DEEEIRTTEPEDSNQFGSVSTNLQDLNR,3.7492085626900007
DEEEIRTTEPEDSNQFGSVSTNLQDLNV,4.26599956077
DEEEIRTTEPEDSNQFRSVSTNLQDLNV,3.49580945367
DEEEIRTTLFVATCQQFSLQTTVLIGAH,5.388140508469999
DEEEIRTTLFVATEQQFSLQTTVLIGAH,4.044785330630001
DEEEIRTTLFVATEQYFSVSTTVLIGNH,4.52724791792
DEEEIRTTMPVALQQYTVHSMNLQEANR,4.56606768972
DEEEIRTTMQVALQQYTVHSMNLQEANR,3.33620014782
DEEEIRTTNFDATAQCFDWFEGDCHGQC,5.01195393816
DEEEIRTTNFDATAQCGDVFEPDCDGNC,5.496485664150001
DEEEIRTTNFDATAQYFDWFEDDCHGLC,4.54266904309
DEEEIRTTNFDATAQYFDWFEGDCHGQC,5.12774936661
DEEEIRTTNFDATAQYGDVFEDDCHGLC,6.1184423723600005
DEEEIRTTNFDATAQYGDVFEDDCHGNC,3.4197652629199995
DEEEIRTTNFDATAQYGDVFEGDCHGNC,5.21920534929
DEEEIRTTNFDATAQYGDVFEGDCHGQC,5.38799990177
DEEEIRTTNFDATAQYGDVFEPDCDGNC,5.01994125965
DEEEIRTTNFDATAQYGDWFEDDCHGLC,4.64451118402
DEEEIRTTNFDATAQYGDWFEGDCHGQC,4.98093884861
DEEEIRTTNPASTELFGVVSNNGAHGDH,6.42329695389
DEEEIRTTNPCASEQYGAVGSNDQVEDC,5.9016276502
DEEEIRTTNPCASEQYGSVGSNDQVEDC,5.46151627612
DEEEIRTTNPCGTEGMGSLAEDLQIPEM,4.88397711872
DEEEIRTTNPCGTEGMGSVAEDLQIGEM,5.710141204569999
DEEEIRTTNPCGTEGMGSVAEDLQIPEM,5.73676347002
DEEEIRTTNPDATEQYGSVDTDEDCEEL,5.36101267563
DEEEIRTTNPDATEQYGSVETDDELENS,5.90410222332
DEEEIRTTNPDATEQYGSWETPPQDEDI,5.68068479658
DEEEIRTTNPDATEQYGSWSTEDDSENC,5.18643552657
DEEEIRTTNPDATEQYGWVDYNLDLGLA,4.8520164875
DEEEIRTTNPDATEQYWDWEECDEHEEQ,4.82425926795
DEEEIRTTNPDATEQYWSVETNLDDGEP,6.14899143572
DEEEIRTTNPDATEQYWSVETNLDPGEP,5.82706334083
DEEEIRTTNPDATEQYWSVETPDEWGEM,6.16359440875
DEEEIRTTNPDATEQYWSVETPLDDGEP,5.38390351559
DEEEIRTTNPDATEQYWSVETPLDPGEP,6.09290728025
DEEEIRTTNPDATEQYWSVETPLEWGEM,6.12888915979
DEEEIRTTNPDATEQYWSWEDPDDPEEP,6.34083479369
DEEEIRTTNPDATEQYWSWEDPDEWEEM,5.982380822780001
DEEEIRTTNPDATEQYWSWEDPDEWGEM,6.0761315675
DEEEIRTTNPDATQQEWSWEDPDDDEEP,5.82958197916
DEEEIRTTNPDATQQEWSWEDPDEWEEM,5.52890714185
DEEEIRTTNPDATQQYGDVFEPECNEEN,5.161610231509999
DEEEIRTTNPDATQQYGSVETDDELENS,6.0769388201800005
DEEEIRTTNPDATQQYQSVETGAEGEEN,5.88100937267
DEEEIRTTNPDATQQYQSVETGAEGENN,5.73817029124
DEEEIRTTNPDATQQYQSVETGAEGGNN,5.87849157964
DEEEIRTTNPDATQQYWSWEDPDDDEEP,6.06261398404
DEEEIRTTNPDATQQYWSWEDPDDPEEP,6.33388203305
DEEEIRTTNPDATQQYWSWEDPDEWEEM,5.58217412843
DEEEIRTTNPDKTQQEWSWEDPDEWEEM,4.44037046724
DEEEIRTTNPEATDHYGSWDDDLELEFL,6.38482280607
DEEEIRTTNPEATDHYGSWDDDLQLEFL,6.16117535735
DEEEIRTTNPEATDQYGSVSDDLQLEFL,4.841481008480001
DEEEIRTTNPEATEQYGDVEEDDEHEEA,6.36460295963
DEEEIRTTNPEATEQYGDVEEDDEHEEN,5.00613940273
DEEEIRTTNPEATEQYGDVEEEDEHEEN,4.81032007699
DEEEIRTTNPEATEQYGSVDTCLNHDDW,2.58727670827
DEEEIRTTNPEATEQYGSVEEGECQGLA,5.42896570397
DEEEIRTTNPEATEQYGSVETDDEHEEF,6.04421778734
DEEEIRTTNPEATEQYWDVEEDDEHEEN,5.8214606346
DEEEIRTTNPEATEQYWDWEEDDEHEEN,5.18228885438
DEEEIRTTNPEATEQYWSVDTCEEADEV,4.74257547036
DEEEIRTTNPEATEQYWSVSTCEEADEV,5.670542413080001
DEEEIRTTNPFAFQQPWSWEDPDDPEEP,6.13033605094
DEEEIRTTNPFATEQYGSVDTPDDQGMA,6.31436258233
DEEEIRTTNPFATEQYGSVEEGECQGDF,5.176859058580001
DEEEIRTTNPFATEQYGYVDTPDDQGMA,6.22404498774
DEEEIRTTNPFATEQYWDWHEGDCDGED,5.79591138562
DEEEIRTTNPFATEQYWDWHEGPCDGED,4.81959789058
DEEEIRTTNPFATEQYWSVHTGDCDGED,4.013526666690001
DEEEIRTTNPFATEQYWSVHTGPCDGED,5.46151627612
DEEEIRTTNPFATEQYWSVHTGPCNGED,5.773794200969999
DEEEIRTTNPFATEQYWSWHEGDCDGED,6.04710359064
DEEEIRTTNPFATEQYWSWHEGPCDGED,5.06781629929
DEEEIRTTNPFATEQYWSWHEGPCNGED,5.64568937522
DEEEIRTTNPFATEQYWSWHTGDCDGED,5.76352586552
DEEEIRTTNPFATEQYWSWHTGPCDGED,4.56083104135
DEEEIRTTNPFATEQYWSWHTGPCNGED,5.96159801584
DEEEIRTTNPFATEQYWSWSTCPFAGEM,5.13122097708
DEEEIRTTNPGATEQYGSVHTGGCQGEN,6.26021633349
DEEEIRTTNPGATEQYWFVWYEDCAGHQ,4.93182108204
DEEEIRTTNPGATEQYWFVWYEDCEGQQ,5.2791957279
DEEEIRTTNPGATEQYWFVWYEECAGQQ,2.18883170025
DEEEIRTTNPGATEQYWSVWEGECIGLP,5.577396988169999
DEEEIRTTNPGATEQYWSVWENECIGLP,5.49695399561
DEEEIRTTNPGATQQYWFVWYEDCAFHQ,3.5682452898
DEEEIRTTNPGATQQYWFVWYEDCAGHQ,3.88505095207
DEEEIRTTNPGATQQYWFVWYEDCEFQQ,4.22535757627
DEEEIRTTNPGATQQYWFVWYEDCEGQQ,5.5688627497
DEEEIRTTNPGATQQYWFVWYEECAFQQ,4.49395150745
DEEEIRTTNPGATQQYWFVWYEECAGQQ,4.73178667445
DEEEIRTTNPGATQQYWIVWEGECILLP,5.58476037658
DEEEIRTTNPGATQQYWSVWEGECIGLP,4.83064006137
DEEEIRTTNPGATQQYWSVWEGECILLP,4.38147677819
DEEEIRTTNPHATCQYGSWHDGEMEGNA,6.26488594046
DEEEIRTTNPHATCQYGSWHEPEMTGNP,5.63863461769
DEEEIRTTNPHATDQYHFVSTNWWRGFA,5.32943003042
DEEEIRTTNPHATEQYGSWHEPEMTGNP,6.113167430319999
DEEEIRTTNPPATEPYGSHNQNDSEGEM,5.51075979514
DEEEIRTTNPPATEPYGYHNQNDSEGEM,5.915874817180001
DEEEIRTTNPPATEQYGSHNQNDSEGEM,6.24567756065
DEEEIRTTNPVALQQYTVHSMNLQEANR,3.49953253971
DEEEIRTTNPVATEQYWDWEECDEHEEQ,4.61767499905
DEEEIRTTNPVATEQYWFVWYEDCAGHQ,4.11844237236
DEEEIRTTNPVATEQYWFVWYEDCEGQQ,5.2583726335
DEEEIRTTNPVATEQYWFVWYEECAGQQ,5.11844237236
DEEEIRTTNPVATEQYWFVWYELCAGQQ,4.603869199530001
DEEEIRTTNPVATEQYWFVWYNDCAGHQ,3.010913908049999
DEEEIRTTNPVATEQYWFVWYNDCEGQQ,6.20263749977
DEEEIRTTNPVATEQYWSVWYNDCAGHQ,5.758418975080001
DEEEIRTTNPVATEQYWSVWYNDCEGQQ,5.43331570971
DEEEIRTTNPVSTEVYGSVDSEEEWGNQ,5.86690360536
DEEEIRTTNPYANEYYGSVETLGIRGNP,5.4059795856
DEEEIRTTNPYANEYYYSVETLGIRGIP,4.21129071526
DEEEIRTTNPYATCQYGSWHEGEMEGNA,6.27084727476
DEEEIRTTNPYATEQYGSDEEDECHEDS,2.82425926795
DEEEIRTTNPYATEQYGSDEEDECHGDS,5.660655225619999
DEEEIRTTNPYATEQYGSDETDECHGDS,4.07113665758
DEEEIRTTNPYATEQYGSDETDLCHGDS,4.40762218516
DEEEIRTTNPYATEQYGSVEEGDTWENT,5.00613940273
DEEEIRTTNPYATEQYGSWHEGEMEGNA,6.04406017603
DEEEIRTTTHVIIEQYGSHSTNLPRGNR,4.36391840681
DEEEIRTVHADADEQIDSVSTILQWVNR,3.58951390655
DEEEIRTVNADADEQIDSVSTILQWVNR,5.54837408694
DEEEIRTVNADADEQYDSVSTILQWVNR,6.34742740324
DEEEIRTVNADATEQYDSVSTILQRVNR,4.10703760908
DEEEIRTVNADATEQYDSVSTILQWVNR,4.43038637867
DEEEIRTVNPASTELFGVVSNNGAHGDH,5.80180857714
DEEEIRTVNPCATETYGCASSEDCRLNH,5.50258586369
DEEEIRTVNPCATETYGCVSSEDCRLNH,6.36189640922
DEEEIRTVTPVATEQYKSVCTNEQVVNC,4.67576211801
DEEEIRTWNPVLTEQKGSVDKNHCTGNP,4.50077570656
DEEEIRTWNPVLTEQYGSVDKNHCTGNP,6.257779053969999
DEEEISTTNPCANVLWGDYWETDMSEEA,6.27744608742
DEEEISTTNPCSNVLWGDYWETDMSEEA,5.68217419503
DEEEISTTNPDATQQYQSVETGAEGEEN,5.924736331419999
DEEEISTTNPQDTEQYGSFMEFEYPGQN,5.80180857714
DEEEISTTNPQDTEQYGSFSEFEQPGQN,5.107037609080001
DEEEISTTNPQDTEQYGSFSEFEQRGQN,6.09225844055
DEEEISTTNPQDTEQYGSFSEFEYPGQN,4.92116264854
DEEEITGGNPVACNHYGCVSPNLQRCNR,4.232775047840001
DEEEITQTNPVATEQYGVVSTEDQAGET,6.409221768669999
DEEEITSTNPVATEQYGIASYNLMRLTQ,6.428108614959999
DEEEITSVNPVASECYGIASYNLMRLTQ,6.09439689839
DEEEITSVNPVATECYGIASYNLMRLTQ,4.62811674577
DEEEITTTNPEATEHWGSVEEELELEDF,5.47668911905
DEEEITTTNPEATEHWGSVEEELELGDF,6.04095649243
DEEEITTTNPEATEHWGSVETELELGDF,5.301306429509999
DEEEITTTNPVCTEVYGAVSDNEEVGNT,5.792435198680001
DEEEITYKNPVATCQYWKMSTNLLRGNR,4.65277880001
DEEEITYKNPVATCQYWKMSTNLLSGNR,1.5859472915299992
DEEEITYKNPVATCQYWKMSTNLQRGNR,4.326335224
DEEEITYKNPVATCQYWKMSTVLLSGNR,4.61562351419
DEEEIVQTNPVATEQYGDAPECPCHEEM,4.36101267563
DEEEIVQTNPVATEQYGDVPECPCHEEM,5.50924955772
DEEEIVSTNPVATSVYGGVCIELNVGPR,5.514864193469999
DEEEIVTTNPVSTECFGSVSTSGQCPEI,5.863061539069999
DEEEIVTTNPVSTECFGVVSTSGQCPEI,5.73178667445
DEEEIWCTNPHDHDCYHFVADNWWCEFA,5.09042799619
DEEEKRSTNPVAVEDYENVSTNLIRGNR,4.58951390655
DEEEKRTTNPVASEQYGDPSTQLQPNPR,2.89621629141
DEEEKRTTNWVASEQYGDPSTQDQPNPR,4.391818722409999
DEEEKRTTNWVASEQYGDPSTQLQPNPR,4.40223533836
DEEELAGTNPVATEQFGDATEILQAGGR,5.79498842324
DEEELAGTNPVATEQFGDATEILQAPGR,5.89739448261
DEEELAGTNPVATEQYGDATEILQAGGR,4.82659523994
DEEELAGTNPVATEQYGDATTILQAGGR,5.75176789464
DEEELKAVNPCATESFGSVPTNVQRLNS,6.398285065880001
DEEELRAVNPCATESFGSVPTNVQRLNR,6.365436766929999
DEEELRAVNPCATESFGSVPTNVQRLNS,5.647641601559999
DEEELRAVNPVASEVYGGVGMNLQRGNQ,6.41961190708
DEEELRCVNPVASELYGVVSMNLQRGTQ,5.70832036349
DEEELRTTNPIACEQWGLASSADFLMLM,6.22929829176
DEEELRTTNPIACEQWGLVSSADFLMLM,6.15199493207
DEEEMRTTNPVYFEHYRSVSTNLPRGNR,3.74699414163
DEEENNTFEPVATEQYGIVTANLQEGNR,4.93921781018
DEEEQCTVNPVADEVYGTLCDINQQIQR,4.78449120885
DEEEQCTVNPVADEVYGTLCDINQRIQR,5.12687632873
DEEEQCTVNPVATEVYGTLCDILQRIQR,5.13323937428
DEEEQCTVNPVATEVYGTLCDINQRIQR,4.73377852212
DEEEQCTVNPVATEVYGTLCDNLQRGQR,2.76246490252
DEEEQCTVNPVATEVYGTLCDNLQRIQR,5.30999738977
DEEEQGTTNPYANEYWYSNENLGINGIP,4.90195055246
DEEEQGTTNPYANEYWYSVENLGINGIP,4.2315361512
DEEEQGTTNPYANEYWYSVENLGIRGIP,4.74257547036
DEEEQGTTNPYANLYWYSNENLGINGIP,5.88140317506
DEEEQRTTNPVAIQIYGSVSTNLARENR,4.51075979514
DEEESRTYNPVHTEQYGSQSTYLKRGMW,3.07440890884
DEEESRTYPPVHTEQYASQSTYLKRGMW,3.47882529236
DEEESRTYPPVHTEQYGSQSTYLKRGMW,4.19211428424
DEEETQTWNPVAKFQYGSVSTNLPRGNR,5.2704454658
DEEETRTTNAVPTQQYGSVSTWLWRGNR,4.98198012981
DEEEVAAVNPCASEQFGCTSTNWERGNR,6.18638852432
DEEEVAAVNPCASEQFGCVSTNLERGNR,5.41544582667
DEEEVAAVNPCASEQFGCVSTNWERGNR,5.34792421848
DEEEVRAVNPCASEQYGCVSTNLERGNR,5.37325627139
DEEEVRAVNPVSTEGYGCVATNLQRLPQ,6.28249080746
DEEEVRCTNPVASEIYGCVSMNLERGNR,6.14152598547
DEEEVRCVNPCSTEWYGGVGMNLQRGNR,5.21579874785
DEEEVRCVNPVSTEWYGGVGMNLQRGNR,6.0618588439900005
DEEEVRTTNPIASENYGAVGNGDQGGMF,5.56083104135
DEEEYRTANAVVTEYYYSVSTILQRGNR,4.28342155119
DEEEYRTANAVVTEYYYWVSEILQRGNR,4.43180845374
DEEEYRTANAVVTEYYYWVSTILQRGNR,5.5721603398
DEEEYRTTLPVYTEHYGSASTVLQRAKR,2.89237429288
DEEEYRYTLPVYTEHQGSASTVLQRAKR,4.840512106469999
DEEEYRYTLPVYTEHYGSASTVLQRAKR,3.3893580837099995
DEEFARTTNPVATENYNSVLTTMQRIPR,4.84917653572
DEEFASTTNPVATENYNSVLTTMQRIPR,4.09572229586
DEEFERTTNPVATEQYGKESGNMIRGSR,5.83064006137
DEEFERTTNPVATEQYGKESTNMIRGSR,3.91382465275
DEEFITGGNPVACNHYGCVSPNLQRCNR,5.96056271258
DEEGIFTTDGVATEQYGSTSTNLGRGNR,6.01630958732
DEEGRRTTNPNATEKYGSVSVDQHRGNR,2.89347091467
DEEGRRTTNPNATEKYGSVSVDQHRGNY,4.934410424719999
DEEHIRPTNPVAYQQYGSNNTWKHDGIP,6.24253272008
DEEHIRTQNIVATEQYPSLSTNLQRANR,3.63547119691
DEEIARGKIDVDTEQYCYVSTNLQRGYR,3.8879957846099993
DEEIARGTIDVDTEQYCYVSTNLQRGYR,3.63161419001
DEEIARGTIDVDTEQYGYVSTNLQRGYR,5.19875013551
DEEIIRATNPVATLQYGSVWHSGDEGIL,6.30485549659
DEEIIRATNPVATLQYGSVWTSGDEGIL,5.75306275939
DEEIIRATNPVATLQYGSVWTSGDEGNL,6.150754102980001
DEEIIRCCNPVMTEMYGTMDEVEQQGPE,5.35321851815
DEEIIRCCNPVMTEMYGTVDEVEQQGPE,4.49300422753
DEEIIRGTIDVDTEQYGYVSTNLQRGYR,1.612717783019999
DEELIRTTWAYATEQYGSVETNLRRGNR,4.1924429538
DEELITTTKMSATENYGSYSTNLQRVND,3.38147677819
DEELITTTKMVATENYGSYSTNLQRVND,4.24665235464
DEELIWTTNPVATMQYGSVSTHLPRKNR,5.46754772831
DEEMEITCVPVATGQHGSVTTNLQFGNR,4.81296479825
DEEMIKTVTHFATEQCKRVCTGEDVVNC,1.03454444796
DEEMIKTVTPFATEQCKRVCTGEDVVNC,4.89503504064
DEEMIRTTNDFATHQYGSVSTNLERDNR,4.8188820905
DEEMIRTTNPDATEQYGSVETGLDPGNP,4.70340487308
DEEMIRTTNPDATQQYWSWEHPDDPGEP,4.58160003569
DEEMIRTTNPFATEQYGSVETGLDPGNP,5.70340487308
DEEMIRTTNPVAQETQGSNTTNLQRGCF,3.55735047262
DEEMIRTTNPVAQWTQGSNTTNLRRGCF,2.4208833978
DEEMIRTVTPFATEQCKRVCTGEDVVNC,4.53921624118
DEEMIRTVTPFATEQCKSVCTGEDVVNC,4.94717094521
DEEMIRTVTPVATEQCKSVCTGEDVVNC,4.32114807845
DEEMIRTVTPVATEQCKSVCTGEQVVNC,5.43608310884
DEEMIRTVTPVATEQYKSVCTGEQVVNC,5.57664773079
DEEMIRTVTPVATEQYKSVCTNEQVVNC,4.65901075372
DEEPIHMTNYVATEQYGSWETNLQRGNR,3.7631770936
DEEPIRTTNPVPTTPWQSVSINKQNGNR,4.667780963349999
DEEPIRTTNPVPTTPWQSVSINKQRGNR,4.40922176867
DEEPQGTTNPYANLYWYHNENLGINGIP,5.72170568982
DEEPQGTTNPYANLYWYSNENLGINGIP,5.34083479369
DEEQFRTRNPVAFEQWGSVSDNLHPGSG,4.20900958219
DEEQFRTRNPVAFEQWGSVSDYLHPGSG,4.019500567740001
DEEQIRTRNPVAFEQWGSVSDNLHPGSG,3.55445639935
DEEVIHVTNPVATFPYGSRGFPFQRGTR,5.026944017869999
DEEVIHVTNPVATFPYGSRGFPFQRGTW,5.41454447988
DEEVIHVTNPVATFPYGSRGFPLQRGTR,5.64286333114
DEEVIHVTNPVATFPYGSVGFPLQRGTR,5.807741532890001
DEEVIRTMIAVATQQMGSVSTVFQRFNL,5.6982615698
DEEWIRGTNCVAHEQWGHVSTCEYYGGR,5.61332952878
DEEWIRGTNCVAHEQWGHVSTCEYYGGW,5.02549930836
DEEWIRGTNCVAHEQWGHVSTNEYYGGR,5.335985394030001
DEEWIRGTNCVTHEQWGHVHSCEYYGGW,5.11844237236
DEEWIRGTNCVTHEQWGHVSSCEYYGGW,4.96300837351
DEEWIRGTNCVTHEQWGHVSTCEYYGGW,5.53432826627
DEEWIRGTNPVAHEQWGHVSTNEYYGGR,5.609892987149999
DEEWIRTTMPVARHGYGSLETNLQRGSL,4.022919761310001
DEEWIRTTMPVARHQYGSLETNLQRGSL,4.15761296964
DEEWIRTTSPVHTEQAGSVETNLERGNR,4.736571737009999
DEEYIRTTNPDATIIYGSVSTNLYRENP,5.87030218182
DEEYIRTTNPDATQQYGDVFEPPDNEEN,4.91382465275
DEEYIRTTNPDATQQYGSVFEPPDNEEN,4.746189739569999
DEEYIRTTNPDATQQYGSVFEPPDNGEN,6.37749326427
DEEYIRTTNPDATQQYGSVFTPDDDGNF,5.430268472180001
DEEYIRTTNPDATQQYGSVFTPDDPGNG,5.292336276
DEEYIRTTNPDATQQYGSVSTPDDDGND,5.734655807059999
DEEYIRTTNPDATQQYGSVSTPDDDGNF,6.34083479369
DEEYIRTTNPDATQQYGSVSTPDDPGNG,5.57031663982
DEEYIRTTNPSATEQYGSVSEDDDTEEM,5.9333309671
DEFEIAACNPVGHEMFGTMSDAEEIETR,5.98302216311
DEFEIAACNPVGTEMFGTVSDAEEIETR,6.36523613718
DEFEIAACNPVGTEMFGTVSDAEQIETR,4.981105189
DEFEIGGTNPVCTEHYGLVSDTLQRGMA,5.714649630249999
DEFEIGGTNPVCTEHYGLVSDTLQRGNA,5.403978776690001
DEFEIGGTNPVCTEHYGSVSDTLQRGNA,6.067026862860001
DEFEINATNPVATEMYGDVSDFIQRGNV,5.44632792254
DEFEINATNPVATEMYGDVSDFIQRMNV,5.34742740324
DEFEINATNPVCTEMYGDAPDFIQHMNV,5.48469749855
DEFEINATNPVCTEMYGDASDFIQHMNV,6.0983767493
DEFEINATNPVCTEMYGDVSDFIQHMNV,6.27213927594
DEFEINATNPVCTEMYGDVSDFIQRMNV,6.183072430959999
DEFEIRTTNPVLTEQYQSVSTNPQFFQF,6.04444179091
DEGEIRTVNCIGSEQYGNVSSNLQRLND,3.66704398507
DEGEIRTVNPIGSEQYGNVSSNLQRLND,6.0513281765
DEGEITAVNPISVEMFGTVSAAPQLGPV,4.89337581672
DEGEITAVNPVSVEMFGTVSAAPQLGPV,5.5699218676
DEGEITTTNPVSVEMFGTVSAAPQLGPV,6.1184423723600005
DEGEITTVNPVSVEMFGTVSAAPQLGPV,5.61522906169
DEGEIVATNPACTEVFGDVSTNIYHGPF,4.52746612787
DEGEIVATNPVATEVFGDVSTNIYHGPF,4.95510998047
DEGEIVATNPVCTEVFGDVSTNIYHGPF,5.65438447078
DEGEIWQTNPDATEQYGVVAENIQPGND,6.36468153565
DEGEIWQTNPDATEQYGVVATNIQPGND,6.29285476479
DEHEIAGVNPVSTEQYGCVSCNLQRGEA,5.88975454449
DEHEIATTNPVATEQYGDADEDECHEDQ,5.50326525859
DEHEIATTNPVATEQYGDADEDECHEDS,5.77132594538
DEHEIATTNPVCTEQYGDADEDECHEDQ,4.619506948680001
DEHEIATTNPVCTEQYGDADEDECHEDS,4.86860189283
DEHEIATTNPVCTEVYGDADEDECHEDS,4.93182108204
DEHEIRTCGPVGTEQYGSVSTRLQRNQE,5.31913972259
DEHEIRTTNPVATEQYGDADEDECHEDQ,5.58340509697
DEHEIRTTNPVATEQYGDADEDECHEDS,4.241892944
DEHEIRTTNPVATEQYGDASEDECHEDQ,5.24472290114
DEHEIRTTNPVATEQYGDASEDECHEDS,6.06407666924
DEHEITAVNPCSTESYGCADENEQDGNI,4.06572915315
DEHEITAVNPCSTESYGSADENEQDGNI,5.94685890994
DEHEITTVNPCSTESYGSADENEQDGNI,5.626487502190001
DEHEIVSTNPVATSVYGGVCIELNVGPR,5.47123143095
DEHELAGVNPCSTEQYGCVSCNLQRGEA,5.1775024018
DEHELAGVNPVSTEQYGCVSCNLQRGEA,5.36059804851
DEHEMYTANGVACFQYGLVPTNLPRGNR,6.02901801477
DEHEMYTANPVACFQYGLVPTNLPRGNR,5.19150583455
DEHEMYTANPVATFQYGLVPTNLPRGNR,5.35927204195
DEHEVRTTYPVWTENYGSVASNLQRDNY,6.24605656894
DEHEVRTTYPVWTENYGSVATNLQRDNY,3.94597517635
DEHEVRTTYPVWTENYPSVASNLQRDNY,5.36780184129
DEHVIRTCGPVGTEQYGSVSTRGQRNQE,4.90350878398
DEHVIRTCGPVGTEQYGSVSTRLQRNQE,5.008259454609999
DEIEIGCTNPVATEQYGSADENLDVLLQ,5.34432377977
DEIEIGCTNPVATEQYGTADENLDVGNQ,6.084495040429999
DEIEIGCTNPVATEQYGTADENLDVLLQ,5.399914026449999
DEIEIGCTNPVATEQYGTADENLDVLNQ,5.61029546869
DEIEIKQTNPVSTEMFGGVSEQVQRGTL,5.2827776921
DEIEIKQTNPVSTEMYGGVSEQLQRGTR,5.66677595109
DEIEIKQTNPVSTEMYGGVSEQVQRGTL,5.74751456106
DEIEIKQTNPVSTEMYGGVSEQVQRGTR,5.12993801119
DEIEIRCTNPFAWETYGTNSNNECRGIR,5.77199195834
DEIEIRTTNPFAWETYGTNSNNECRGIR,2.81344883124
DEIEIRTTNPFAWETYGTNSNNECRGNR,5.20697904696
DEIEIRTTNPFAWETYGTNSTNECRGNR,3.16950961105
DEIEIRTVNPDATEQYGGVETDLQNGNE,5.73078131201
DEIEIRTVNPDATEQYGGVETDVQNGNE,5.91780450366
DEIEITAVNPDATEQYGGAEEDVLNGTE,4.5348275551
DEIEITTVNPDATEQYGGAEEDVLNGTE,5.55901496374
DEIEITTVNPDATEQYGGVEEDVLNGTE,4.9747068949
DEIEITTVNPDATEQYGGVETDVLNGTE,5.51629090111
DEIEITTVNPDATEQYGGVETDVQNGNE,4.49395150745
DEIEIYSTNPVSTENYGSCSCLLQHGNR,5.519804934740001
DEIEVVGTNPTASEVYGCCSDILQHLVM,4.156410222560001
DEIEVVGTNPTASEVYGCCSDILQHLVR,4.345294441880001
DEIEVVGTNPVASEVYGCCSDILQHLNR,5.81032007699
DEIEVVGTNPVASEVYGCCSDILQHLVR,5.55806550991
DEIEVVGVNPTASEVYGCCSDILQHLVM,4.102912674060001
DEIEVVGVNPTASEVYGCCSDIVQHLVM,4.29214496774
DEIEVVTTNPVASEVYGCCSDILQHLNR,2.9333309671000007
DEIEVVTTNPVASEVYGCCSTILQHLNR,5.16026254805
DEIEVVTTNPVASEVYGCVSTILQHLNR,5.96744499177
DELEIRTTLFVATCQQFSLQTTVLIGAH,4.22535757627
DELEISTVNPTATEVCGSISDEDYGGAN,4.773794200969999
DELEISTVNPVATEVCGSISDELYGGAN,5.646573650480001
DELEISTVNPVATEVCGSVSDELYGGAN,5.65714928212
DELELRTVNPTAWEQYGDVAEEPMFYLR,6.14152598547
DELELRTVNPTAWEQYGDVAEEPMFYNR,6.13438391623
DELELRTVNPTAWEQYGSVAEELQFYNR,5.40978214741
DELELRTVNPTAWEQYGSVAEEPMFYNR,4.40882794791
DELELRTVNPTCWEQYGDVAEEPMFYLR,5.799264888490001
DELELRTVNPVAWEQYGSVSEELQFYNR,5.8247111693
DEMECTAVNPVATECYGCVDMDWCALNC,4.95524107231
DEMECTAVNPVATEQYGCVDMDWCALNC,5.14152598547
DEMEICQTNPFATENYGEASEGLIEGEC,4.2883673738
DEMEICQTNPFATEQYGEASEGLIEGEC,5.00355245193
DEMEICQTNPFSTENYGEASEGLIEGEC,4.66373094894
DEMEIDTQNSVATEQYGSVSTNTLRYLR,5.294822395940001
DEMEIDTQNSVATEQYIRVSTNTLRYLR,4.19993979092
DEMEIDTQNSVATEQYISVSTNTLRYLR,4.28194110464
DEMEIIQVNPYATEQYGDCSTPLQHMTG,5.78493475857
DEMEIRMTNPYCTAQYVSVSTNDQRGNQ,5.11844237236
DEMEIRMTNPYCTAQYVSVSTNLQRGNQ,3.67786978097
DEMEIRMTNPYCTAQYVSVSTNLQRGNR,6.03945407621
DEMEIRMVNPYCTAQYVSNSTNDQRGDQ,6.057740165009999
DEMEIRMVNPYCTAQYVSNSTNDQRGNQ,6.4156025621
DEMEIRMVNPYCTAQYVSVSTNDQRGNQ,4.4789109291
DEMEIRMVPPYCTAQYVSNPTNDQMGDQ,5.05601987182
DEMEIRMVPPYCTAQYVSNSTNDQRGDQ,3.6250634217999993
DEMEIRQVNPVATEQYGSCSTPLQRMTG,4.56174372385
DEMEIRQVNPYATEQYGDCSTPLQHMTG,4.455036377330001
DEMEIRQVNPYATEQYGDCSTPLQRMTG,4.32659287112
DEMEIRQVNPYATEQYGSCSTPLQRMTG,5.53238981111
DEMEIRTERPVATWDYGSLSTNLWRGEV,3.87982185316
DEMEIRTERPVATWDYGSLSTVLWRGEV,4.625063421799999
DEMEIRTTNPDATDQYGSVEYEDFLDEQ,6.35875670169
DEMEIRTTNPDATDQYGSVEYELQLDEQ,4.75587229297
DEMEIRTTNPDATDQYWSVEYEDFLDEQ,5.44037046724
DEMEIRTTNPVATDQYGSVEYELQLDEQ,6.34083479369
DEMEIRTTRPVATWDYGSLSTNLWRGEV,4.79028232376
DEMEITAVNPVATEQYGCVDMDWCAGNC,5.26945016046
DEMEITAVNPVATEQYGCVDMDWCALNC,4.87134951039
DEMEITTTNKVAFEQYGSVVHGLQRMHN,5.42829763494
DEMEITTTNPVAFEQYGSVVHGLQRMHN,5.88272857252
DEMEITTTNPVATEQYGCVDMDWCAGNC,5.78283934057
DEMEITTTNPVATEQYGSVDTDWCAGNC,6.28579343014
DEMEITTVNPVATEQYGCVDMDWCAGNC,6.13663548912
DEMPIRMVPCYCTAQYVQNPTNDSMGDQ,4.03827202367
DEMPIRMVPPYCTAQYVQNPTNDSMGDQ,5.09504024161
DEMPIRMVPPYCTAQYVSNPTNDQMGDQ,3.2383632861
DEMPIRMVPPYCTAQYVSNPTNDSMGDQ,4.282995530650001
DENEIAQVNPVMTENYGQASSNQELGTD,5.42329695389
DENEIAQVNPVMTENYGQASSPQELGTD,5.38974439417
DENEIKSTNPVATEVYGWTDEAIFWMDF,4.95510998047
DENEIKSTNPVATEVYGWVDEAIFWMDF,4.35875670169
DENEIMATNPTCTEIFGDVSEEVQSEDF,6.20090453255
DENEIMATNPTCTEIYGDVSEEVQSEDF,5.51092613553
DENEIMATNPTCTEIYGDVSEEVQSGDF,5.95934985413
DENEIMATNPTCTEQYGDVSEEVQSGDF,6.20143173703
DENEIMTTNPTATEQYGDVSEEVQSGDF,5.63927453566
DENEIMTTNPTCTEQYGDVSEEVQSGDF,5.63693402044
DENEIRCTNPCATEQYGTADDEDCNGNT,5.09572229586
DENEIRQTNPVMTENYGQASTNLERGND,6.12829015831
DENEIRQTNPVMTENYGQASTNQERGND,5.9747068949
DENEIRQVNPVMTENYGQASSNQELGTD,5.42329695389
DENEIRQVNPVMTENYGQASTNQERGND,4.53347987164
DENEIRQVNPVMTENYGQASTNQERGTD,6.29056158721
DENEIRSTNPVATEVYGWVDEAIFWMDF,5.42861075378
DENEIRSTNPVATEVYGWVDEAIFWMDR,5.81032007699
DENEIRTTNPCATEQYGTADDEDCNGNT,5.12654742199
DENEIRTTNPCATEQYGTVDDEDCNGNT,3.1675183132300004
DENEIRTTNPCCTEGYGDASEEECHEDS,4.62589550586
DENEIRTTNPCCTEQYGDASEEECHEDS,5.45868415435
DENEIRTTNPLATQQYWSWETDDDNDEG,6.2511975812100005
DENEIRTTNPVATEQYGDASEEECHEDS,5.758687308580001
DENEIRTTNPVATEQYGTVDDEDCNGNT,5.60386919953
DENEIRTTNPVCTEQYGDASEEECHEDS,4.95510998047
DENEIVGVNCFCSECYGYVSTGLQVLLQ,6.39528257772
DENEIVGVNPFCSECYGYVSTGLQVLLQ,3.782839340569999
DENEIVTVNPFCSECYGSVSTGLQVLNQ,4.20787605085
DENEIVTVNPFCSECYGYVSTGLQVLLQ,6.37633347491
DENEIVTVNPFCSECYGYVSTGLQVLNQ,5.46428536534
DENEIVTVNPFCTEQYGSVSTGLQVGNQ,5.5358507761
DENEVRCTNPCASEIYGAVCTNLERGNR,5.76979227041
DEQEIATTNPVATEQYGDVDEDDCHGNA,5.77523761784
DEQEIATTNPVCTEQYGDVDEDDCHGNA,4.611482383639999
DEQEIATTNPVCTEQYGDVDEDDCHGNR,3.83429893993
DEQEIATTNPVCTEQYGDVDEDLCHGNA,5.850509167109999
DEQEILTTNRKATRQYGTVMTVLQRGNR,4.33195664235
DEQEIMAVNPCCTELYGEVDEDDEQLNA,5.69959325913
DEQEIMAVNPVATEQYGEVSEDDQQLNA,5.58340509697
DEQEIMAVNPVCTELYGEVDEDDEQLNA,5.44743385977
DEQEIMAVNPVCTELYGEVDEDDQQLNA,4.718945723969999
DEQEIMAVNPVCTEQYGEVDEDDQQLNA,5.65393619681
DEQEIMAVNPVCTEQYGEVSEDDQQLNA,5.62753532244
DEQEIRATNPAATEIFGEVSDNPQTGPA,6.42015724635
DEQEIRATNPIASEIYGAISMNLERGNR,6.14152598547
DEQEIRATNPIASEIYGAISMNLQRGNR,6.23548179355
DEQEIRCTNPFATEVENFSIDPPEQYPS,5.08980232431
DEQEIRCTNPVATEPYGDADEEECHGNQ,6.13469826311
DEQEIRCTNPVATEPYGDADEEECHGNR,5.02656027135
DEQEIRCTNPVATEQYGDADEEECHGNQ,3.4339441980800007
DEQEIRCTNPVATEQYGDADEEECHGNR,4.37120844274
DEQEIRPTNPFATEIYGSWDTEPGDDDN,5.15427447821
DEQEIRPTNPVATEIYGSWDTEPGDDDN,6.26826616774
DEQEIRPTNPVATEIYGSWDTEPGDGDN,6.166805393919999
DEQEIRSTNPVSTEWWGNVGDCLMGFNL,5.60386919953
DEQEIRSTNPVSTEWYGNVSDCLMGFNL,5.93081536918
DEQEIRTSNPDAYEQYGSVIQNLQCDER,3.8584917903
DEQEIRTSNPDAYEQYGSVITNLQCDER,4.399914026449999
DEQEIRTSNPDAYEQYGSVSTNLQCDER,4.9786695677
DEQEIRTTNPDATEQYGSVDTDEDLGEP,4.79899077855
DEQEIRTTNPDATEQYGSVETDDEQGEF,5.232775047840001
DEQEIRTTNPDATEQYGSVETDEEDGEF,5.636290677219999
DEQEIRTTNPDATEQYGSVETEDEPEDI,4.31874102284
DEQEIRTTNPDATEQYGSVETEDEPGDI,6.16026254805
DEQEIRTTNPDATEQYGSVETEDEREDI,5.15320779052
DEQEIRTTNPDATEQYWDWEECDEHEEQ,4.0317879901
DEQEIRTTNPEATDHYGCWDDDQELEFL,5.900706313450001
DEQEIRTTNPEATEQYGLWDYEEEPEYE,5.766598699569999
DEQEIRTTNPEATEQYGSVETDDEHEEF,6.12200728921
DEQEIRTTNPEATEQYGSVETDDEHGEF,5.473285089719999
DEQEIRTTNPEATEQYGSVETDDEHGEN,5.427769511559999
DEQEIRTTNPEATEQYGSVETDDEIEEF,5.09122090362
DEQEIRTTNPEATEQYGSVETDDEIEER,6.09727776236
DEQEIRTTNPEATEQYGSVETDDEIGEA,6.025499308360001
DEQEIRTTNPEATEQYGSVETDDEIGEF,5.580022457569999
DEQEIRTTNPEATEQYGSVETDDEVGEF,6.312490168
DEQEIRTTNPEATEQYGSVETDLEMEEG,6.169305248840001
DEQEIRTTNPEATEQYGSVETNDEVEEF,5.966439278909999
DEQEIRTTNPEATEQYGSVETNDEVGEF,6.03758811987
DEQEIRTTNPEATEQYGSWDELQDFGNM,5.0607268745
DEQEIRTTNPEATEQYWDDEEDDEHEEA,4.40084210306
DEQEIRTTNPEATEQYWDWEEDDEHEEN,4.691563260430001
DEQEIRTTNPEATEQYWDWEEEDEHEEN,5.451866106080001
DEQEIRTTNPEATEQYWSWDELQDFEDM,4.70340487308
DEQEIRTTNPEATEQYWSWDELQDFENM,5.06450356525
DEQEIRTTNPEATEQYWSWDELQDFGNM,5.72526430704
DEQEIRTTNPEATQQYGLWDYEEEPEYE,5.636290677219999
DEQEIRTTNPFADEQYWSVEPDLEAEED,5.41334729348
DEQEIRTTNPFADEQYWSVETDLEAEED,5.262832281690001
DEQEIRTTNPFATDQYGSWEDKDANEEM,4.99979787586
DEQEIRTTNPFATEQYGSVETDLEAEED,5.78444144517
DEQEIRTTNPFATEQYGSWEDKDANEEM,5.70340487308
DEQEIRTTNPFATEQYWSVEPDLEAEED,5.67122446733
DEQEIRTTNPVATELWGSVDENEMQGNW,5.90410222332
DEQEIRTTNPVATEQYGDADEEECHGNQ,5.63064853064
DEQEIRTTNPVATEQYGLVDYEEEPEYE,5.67981805276
DEQEIRTTNPVATEQYGLVDYEEEPGYE,6.29698786799
DEQEIRTTNPVATEQYGLVDYNEEPGYE,5.61767499905
DEQEIRTTNPVATEQYGLWDYEEEPEYE,4.137974037619999
DEQEIRTTNPVATEQYGSVEDAEDWEDV,4.53347987164
DEQEIRTTNPVATEQYGSVETEDEPGDI,6.21618286997
DEQEIRTTNPVATEQYGSWEDAEDWEDV,6.31361332496
DEQEIRTTNPYATEQYGSDEEDECHEDS,5.60386919953
DEQEIRTTNPYATEQYWSDEEDECHEDS,4.55656348475
DEQEIRTTNPYATEQYWSWEEGDTWEDT,5.77895590609
DEQEIRTYNPTATDINEDDDCAPYMEEI,4.36101267563
DEQEIRTYNPTATDIYEDDDCAPYMEEI,4.42329695389
DEQEIRTYNPTATDIYEDDDCAPYMGEI,2.7692928087300004
DEQEIRTYNPTATDIYGDDDCAPYMGEI,2.910086915710001
DEQEIRTYNPTATDIYGDDSCAPYMGEI,4.35965866798
DEQEIRTYNPTATEIYGDDSCAPYMGEI,3.68633135972
DEQEIRTYNPTATEIYGDDSTAPYMGEI,3.54497551047
DEQEIRTYNPTATEIYGSDSTAPYMGEI,4.75701047243
DEQEIRTYNPTATEIYGSVSTAPYMGEI,4.35153180158
DEQEISTTNPDATAQYGGVDDCEETDEQ,4.95310464041
DEQEISTTNPDATAQYGGVSDCEETDEQ,5.68117492569
DEQEISTTNPDATAQYGGVSDCEETGEQ,5.70914124263
DEQEISTTNPDATAQYGGVSDCLETGEQ,4.97548441851
DEQEISTTNPDATAQYGGWDDCEETDEQ,3.8833192974
DEQEISTTNPDATQQYQSVEEGAEGEEN,6.31698805174
DEQEISTTNPDATQQYQSVETGAEGEEN,6.03827202367
DEQEISTTNPDATQQYQSWEEGAEGEEN,4.61998886489
DEQEITATNPAATEIFGEVSDNPQRGNA,6.16161023151
DEQEITATNPAATEIFGEVSDNPQRGPA,6.17090979225
DEQEITATNPAATEIFGEVSDNPQTGPA,6.31913972259
DEQEITTTNPEATDHWGSVEEEEELEDF,6.1026750565
DEQEITTTNPEATDHWGSVEEELELEDF,4.93081536918
DEQEITTTNPEATDHWGSWEEEEELEDF,5.18228885438
DEQEITTTNPEATEHWGSVEEELELEDF,4.565315958759999
DEQEITTTNPVCTEQYGDADEDLCHGNA,2.43929743258
DEQEITTTNPVCTEQYGDADTDLCHGNA,4.05790083042
DEQEITTTNPVCTEQYGDVDEDDQHGNA,6.24397325444
DEQEITTTNPVCTEQYGDVDEDLCHGNA,6.41454447988
DEQEITTTNPVCTEQYGSVDEDLCHGNA,4.63512013351
DEQEIVTTNPEATEHYGSVETPETIGEI,6.20756826283
DEQEIVTTNPESTEHYGSVETPETIGEI,5.62811674577
DEQEIVTTNPESTEHYGSVEYPETIGEI,4.82893575516
DEQEIYSTNPHSTEWWGNVGDCLMGFQL,5.34701336862
DEQEIYSTNPHSTEWWGNYGDCLMGFQL,5.428019364130001
DEQEIYSTNPVSTEWWGNVGDCLMGFNL,6.09982669419
DEQEIYSTNPVSTEWWGNVGDCLMGFQL,4.90381892532
DEQELAGTNPCATEQFGDATEILQAPGR,5.53539884548
DEQEPLTTNRKATRQYGTVMTVLQRGNR,4.03152309599
DEQETRTVNPVCHDVFGWSSSNLQRPMC,3.8430568634099993
DEQETRTVNPVCHDVFGWSVSNLQEPMC,4.04043986036
DEQETRTVNPVCHDVFGWSVSNLQRPMC,4.99153025987
DEQETRTVNPVCTDVFGWSSSNLQRPMC,5.67155600704
DEQETRTVNPVCTDVFGWSSSNLQRPMR,5.12532875794
DEQETRTVNPVCTDVFGWVSSNLQRPMR,5.15641022256
DEQETRTVNPVCTEVFGWVSSNLQRGNR,5.722263900330001
DEQETRTVNPVCTEVFGWVSSNLQRPMR,5.89479561671
DEQEVRAVNPCASEVYGVVAMNLQRGNR,6.21048026355
DEQEVRAVNPCSSEVYGVVAMNLERGNR,5.68574620658
DEQEVRAVNPCSSEVYGVVAMNLQRGNR,4.82706334083
DEQIIRYTNYVSTEQYFCVSTNRQRNNR,4.91723528091
DEQIIRYTNYVSTEQYFSVSTNLQRNNR,5.22289353632
DEQIIRYTNYVSTEQYFSVSTNRQRNNR,4.456656473
DEQLIRTSNPDAYDQYGSVIQNLICDEQ,4.87268595795
DEQLIRTSNPDAYDQYGSVIQNLICDER,4.347529446269999
DEQLIRTSNPDAYEQYGSVIQNLICDER,3.973969007719999
DEQLIRTSNPDAYEQYGSVIQNLQCDER,4.73546608231
DEQLIRTSNPDKYDQYGSVIQHLICDEQ,4.09679060254
DEQLIRTSNPDKYDQYGSVIQNLICDEQ,5.76246490252
DEQLIRTSRPDKYDQYGSVIQHLICDEQ,5.33284200294
DEQLIRTSRPDKYDRYGSVIQHDICDEQ,2.4883919821100013
DEQLIRTSRPDKYDRYGSVIQHLICDEQ,4.051328176499999
DEQLIRTSRRDKYDRYGSVIQHDICDEQ,3.1926092941900004
DERWIRGTNCVTHEFWGHVHSCEYYGGW,4.448924593130001
DERWIRGTNCVTHEQWGHVHSCEYYGGW,5.876553775390001
DESEDRTCNPVMTEYWGSCVTNLQRGYA,4.39614268828
DESEDRTTNEVATQQYGSFSWNLQRGFR,2.58594729153
DESEDRTTNPVMTEYWGSCVTNLQRGYA,4.73231756499
DESEDRTTWEVATQQYGSFSWNLQRGFR,4.432757283130001
DESEDRTTWEVATQQYGSFSWNLQRSFR,2.1675183132300004
DESEDRTTWEVATQSYGSFSWNLQRSFR,2.1331082824399994
DESEIKAVNPVASEQYGSVSNQVQRGTR,4.98485732386
DESEIKAVNPVATEQYGSVSNQVQRGTR,5.63974623586
DESEIRTTNPPATEPYGYHNQNDSEGEM,6.00355245193
DESEIVQTNPDATEQYGSVSTNLCYGDT,5.805703448919999
DESEIVQTNPDAVELYGTASNGGCYGDT,5.36553523432
DESEIVQTNPDAVELYGTASNGLCYGDT,5.00046409385
DESEIVQTNPDAVEQYGSASTGLCYGDT,5.421633904659999
DESEIVQTNPDAVEQYGSVSTGLCYGDT,4.80268675209
DESEIVQTNPDAVEQYGSVSTNLCYGDT,5.780254215969999
DESEIVQTNPDAVEQYGTASNGLCYGDT,4.63063969102
DESEIVQTNPDAVEQYGTASTGLCYGDT,5.07529754148
DESELKAVNPCASESFGSMPNNVQRLTS,5.16498495829
DESELKAVNPCASESFGSVPNNVQRLTS,6.334682566710001
DESELKAVNPCASESFGSVPTNVQRLNS,5.78063394645
DESELKAVNPCATESFGSVPTNVQRLNS,6.253601955640001
DESEVRQTNPTACECYGVCSENLQRGQR,6.284409360230001
DESEVRQTNPTACECYGVVSENLQRGQR,6.337443314669999
DETEICGTNPTLTEPFGFAMTFWAQDYG,3.603869199530001
DETEICGTNPTLTEPFGFVMTFLAQDYG,5.40084210306
DETEICGTNPTLTEPFGFVMTFWAQDYG,5.10325596854
DETEICGTNPTLTEPYGFVMTFLAQDYG,5.45585145403
DETEICGTNPTLTEQYGFVMTFLAQDYG,5.15928742463
DETEICGTNPTLTEQYGFVMTFLAQGNG,5.891408568869999
DETEICGTNPTLTEQYGFVMTFLAQGYG,4.54497551047
DETEICGTNPVLTEQYGFVMTFLAQGNG,5.68701043483
DETEIGTTNPYSTECWGEYSEIAMYEEC,2.91697485158
DETEIGTTNPYSTEQWGEVSEIAMYEEC,6.33287909468
DETEIGTTNPYSTEQWGEYSEIAMYEEC,4.11844237236
DETEIRATNPCSTEVYGVVGTADEYGEC,5.008259454609999
DETEIRAVNPCSTEVYGVVGTADEYGEC,5.36780184129
DETEIRGTNPVLTEQYGFVMTFLAQGNG,5.34432377977
DETEIRTTNPVATEQYGEVSEIAMYENC,5.32489324982
DETEIRTTNPYATEQWGEVSEIAMYEEC,5.410299613359999
DETEIRTTNPYATEQYGEVSEIAMYEEC,5.16609763853
DETEIRTTNPYATEQYGEVSEIAMYENC,4.38836316378
DETEIRTTNPYSTEQWGEVSEIAMYEEC,4.806625593440001
DETWIRTSNPVATEQFKKTFNNLCRGNR,2.54437261862
DETWIRTSNPVATEQFKSTFNNLCRGNR,5.0825227981
DETWIRTSNPVATEQFKSTFNNLQRGNR,5.327537971080001
DEVEIAATNPTATELFGGVSENEQQGDF,5.92118066634
DEVEIACTNPVCTECYGTADDDWCHGNG,5.028697202
DEVEIACTNPVCTECYGTASDDWCHGNG,5.15164033849
DEVEIASTNPVGTETYGIIPMEEEHFLG,5.3769040484
DEVEIATTNPTATEQYGDVSELECQEDF,5.9680255298
DEVEIICCNCTCTECFGEVDNDVDNGTA,6.42937146829
DEVEIICCNCTCTECFGEVSNDVDNGTA,4.565901349330001
DEVEIICCNPTCTECFGEVSNDVQNGTA,4.46883122854
DEVEILGTNGQAKEQYGLQSTNLQRGNR,5.0426109594
DEVEILGTNGQSKEQYGLQSTNLQRGNR,5.18883170025
DEVEILGTNGQSKRQYGLQSTNLQRGNR,4.05863297712
DEVEILGTNPQAKEQYGLQSTNLQRGNR,4.41858995121
DEVEIRCCNPTCTECFGEVSNDVQNGTA,5.39276258574
DEVEIRCTNPTCTECFGEVSNDLQNGTA,5.90589773698
DEVEIRCTNPVCTEQYGAADMNLQTGNG,5.33620014782
DEVEIRCTSPVEKEQYGSVSPNLLRINR,3.39323109286
DEVEIRCTSPVEKEQYGSVSTNLLRINR,4.72940008161
DEVEIRCTSQVEKEQYGQVSPNLLRINR,3.78966060643
DEVEIRCTSQVEKEQYGSVSPNLLRINR,4.68149009665
DEVEIRTTNPCATELYGWVSTNECTGNF,5.65093745318
DEVEISCTNPECTEIYGVVSENDQMGDF,5.51551332511
DEVEISCTNPECTEIYGVVSENDQMGNF,4.9747068949
DEVEISCTNPVCTEIYGSVSENDQMGNF,5.619506948680001
DEVEISQTNPEASENYGHVSTGQLVGPE,4.69313653762
DEVEISQTNPESSENYGHVSTGQLVGPE,5.888322589
DEVEITCTNPCCTEVYGAVDDAEEVGNT,6.24507581089
DEVEITCTNPVCTEQYGAADMELQTGNG,4.86690360536
DEVEITCTNPVCTEQYGAADMEWQTGNG,5.06107615305
DEVEITCTNPVCTEVYGAADMEWCTGNG,4.43669474134
DEVEITCTNPVCTEVYGAADMEWQTGNG,6.253926728469999
DEVEITCTNPVCTEVYGAVDDAEEVGNT,6.026726203269999
DEVEITSVNPVASEQYGGTSNNLMRLTI,5.4029565056
DEVEITSVNPVASEQYGGVSNNLMRLTI,4.91084695295
DEVEITSVNPVATEQYGGVSTNLMRLTI,5.72648848619
DEVEITTTNPCATELYGWVSTNECTGNF,5.09209104541
DEVEITTTNPVCTEQYGVVDEDLCAGNN,3.93225231655
DEVEIVATNPTATEMFGSVSTNLQHGPF,6.27809903835
DEVEIVTTNPAASEQYGWVSTNSQNGNF,5.95900389657
DEVEIVVTNPAASEHYGWVSDNSQNGTF,5.17263447272
DEVEIVVTNPAASEHYGWVSTNSQNGTF,4.72668909734
DEVEIVVTNPAASEQYGWVSTNSQNGNF,5.90589773698
DEVEIVVTNPAASEQYGWVSTNSQNGTF,4.546625247690001
DEVEIYSTNPFATEGYGSVSTAPNRGNQ,4.42026926119
DEVEIYSTNPFATEGYGTVSTAPNRGNQ,5.64895708906
DEVEIYTTNPTVVEIFGVVNENSQGGGM,4.234635389859999
DEVEIYTTNPTVVEQFGVVNENSQGGGM,4.993184134140001
DEVEIYTTNPVVTEQFGVVNENSQGGGM,6.188831700250001
DEVEIYTTNPVVTEQFGVVNENSQRGNM,5.58217412843
DEVEIYTTNPVVVEQFGVVNENSQGGGM,5.53650756433
DEVEQYTTNPTVVEIFGVVNENSQGGGM,3.59189655786
DEVGRRTTNPNATEKYGSVSVDQHRGNY,5.05638140422
DEVTIAGTNPEATECYGDVSANEQHGDF,6.0629472597700005
DEVTIAGTNPEATECYGDVSANEQHGNF,6.22611271633
DEVTIAGTNPEATECYGDVSTNEQHGNF,5.51652673835
DEWPIRTTNPVPTTPWQSVSINKQNGNR,5.257779053969999
DEYEIITTNDQATQQNGSVSTNLDRGNR,4.70684395704
DEYEIITTNDQETQQNGSVSTNLDRGNR,4.531719413769999
DEYEINTTNPVATIQYGSCSTYDLRINI,5.944209331530001
DEYEINTTNPVATIQYGSVSTYDLRINI,6.2883673738
DFDTIRIQNPAATEQYGLVKHNGQRGNR,4.418313546369999
DFREIRMCNPVVTEYYMSVSRHLQRGNR,3.95004484066
DFREIRMCNPVVTEYYMSVSRNLQRGNR,6.3825340849700005
DFREIRMTNPVVTEYYMSVSRNLQRGNR,4.79526573127
DGEEIRTCNPFAMDQYYSVSTNPQFGFG,5.33356679323
DGEEIRTCNPFAMDQYYSVSTNPQRGFG,5.925362637069999
DGEEIRTCNPFAMDQYYSVSTNPQRGNG,4.35425530946
DGEYIRTCNPFAMDQYYSVSTNPQFGFG,3.42686187074
DGEYVRTCNPFAMDQYYSVSTNPQFGFG,5.59969352356
DGHYVRTCNPFAMDQYYSVSTNPQFGFG,4.02549930836
DGHYVRTCNTFAMDIYYAVCALPEFGFG,4.146824173730001
DGHYVRTCNTFAMDIYYAVCALPQFGFG,5.39633700373
DGHYVRTCNTFAMDIYYAVCTLPQFGFG,5.947496796359999
DGHYVRTCNTFAMDQYYAVCTLPQFGFG,5.49395150745
DGHYVRTCNTFAMDQYYAVCTNPQFGFG,3.5107597951400003
DGHYVRTCNTFAMDQYYSVCTNPQFGFG,4.81649865192
DGHYVRTCNTFAMDQYYSVSTNPQFGFG,3.603869199530001
DHDEIHMTLCIATEQYRSVRTNLQRLNR,3.79651427747
DHDEIRMTLCIATEQYRSVRTNLQRLNR,5.07196794256
DHDEIRMTLCVATEQYRSVRTNLQRLNR,2.877107468460001
DHDEIRTTLCVATEQYRSVRTNLQRLNR,2.466365675780001
DHEEIRPTNPVALMQCGSVDGGEQRPNV,5.262832281690001
DHEEIRPTNPVALMQCGSVDGNEQRPNV,5.91814372187
DHEEIRPTNPVALMQCGSVDGNLQRPNV,5.27809903835
DHEEIRTTNPDATEQYGSVWTNDDPGNP,6.25402996616
DHEEIRTTNPDATNQYWSVWTNDDPGNP,4.94597517635
DHEEIRTTNPDATQIYWSVWHGDDPGNP,4.48285379857
DHEEIRTTNPDATQQYWSVWHGDDPGNP,4.137974037619999
DHEEIRTTNPDAYNMYWSVWTNDDPGNP,5.73377852212
DHEEIRTTNPDAYNQYWSVWTNDDPGNP,4.99505995685
DHEEIRTTNPDAYQIYWSVWHGDDPGNP,5.252025526740001
DHEEIRTTNPGATQQYWFVWYEDCEFQQ,4.432757283130001
DHEEIRTTNPGATQVYWFVWYEDCEFQQ,5.77569373388
DHEEIRTTNPQATQIYGSVWHEDDPGLP,6.38497422243
DHEEIRTTNPVALMQCGSVDGNLQRPNV,5.4736704764
DHELIRTTNPQATNQYGSVWTNLDRGNR,6.2883673738
DHEPIRTTNPDAYNMYWSVWTNDDPGNP,3.73817029124
DHEPIRTTNPDGYNMYWSVWTNDDPGNP,4.77122025731
DHEQIRTTNPDACQLYWSVWHGDDPGLP,6.2883673738
DHEQIRTTNPDATQLYWSVWHGDDPGLP,5.28558493313
DHEQIRTTNPDATQQYWSVWHGDDPGLP,5.19582942637
DHEQIRTTNPDATQQYWSVWHGDDPGNP,4.98024507844
DIEEFRTTNPVATEQEQKVSTNLQRMNG,4.07335448283
DKEEIRTNNPLWTEQYGFVSTILQRQNR,4.3680671693
DKEEIRTNNPLWTEQYRFVSTILQRQNR,3.17536944044
DKEEIRTNNPLWTEQYRFVSTIRQRQNR,4.53347987164
DKEEIRTNNPLWTEQYRFVSTIRQRQNS,4.19485548788
DKEEIRTTYAPATEQGGSRSTNLQRGNR,2.72503488905
DKEEIRTTYPIATEQSGSWSPNLDRGNR,3.5478637898
DKEEQRTTNPVATPNHGRVSDNLQRGGR,3.37780105229
DKEEQTTTNPVATPNHGRVSDNLQRGGR,5.2588414215
DKEEQTTTNPVATPNHMRVSDNLQRGGR,2.5135803142000004
DKVEIRTCNQVATEIYGSVSTNLQRNAR,4.67981805276
DKVEIRTCNQYATEIYGSVSTNLQRNAR,3.64451118402
DKVEIRTCNQYATEIYGSVTTNLQRNAR,0.0
DKVEIRTCNQYATEIYGSVTTNLQRNAV,3.24866494977
DKWDIRRTNSVHKEVYRSVSTNLNRGNR,2.99491098852
DKWEIRRTNSVHKEVYRSVSTNLNRGNR,2.7726675355199992
DKWEIRRTNSVHTEVYGSVSTNLNRGNR,3.2078760508500004
DKWEIRRTNSVHTEVYRSVSTNLNRGNR,3.98719783908
DKYEPRTTQPVAQEEYGSVSTNLQRGNR,4.89604995102
DLDAISCTNPGAIQFWWIVWEGECILLP,4.963271999830001
DLDAISCTNSGAIQFWWIVWEGECILLP,4.894915198550001
DLEAIRCTNPGAIQFYWIVWEGECILLP,5.89604995102
DLEAIRTTNPGATQFYWIVWEGECILLP,3.94597517635
DLEAISCTNPGAIQFWWIVWEGECILLP,4.24023085275
DLEAIVTTNPLATEQKGIVSTFPCRINR,3.4620004832200006
DLEAIVTTNPLATEQKGSVSTFPCRINR,4.91319725763
DLEECVTTNPFATEQYGYFFTGLQRGLQ,6.41918319278
DLEECVTTNPFATEQYGYFFTGLQRGNQ,5.469732526880001
DLEECVTTNPFATEQYGYFFTGLQRGNR,4.414835375140001
DLEEINTTNPFGTEQYQSCSTNPERANP,5.29020872062
DLEEINTTNPFGTEQYQSCSTNPQRANP,4.968915779990001
DLEEINTTNPVGTEQYQSCSTNPQRANP,5.07294647076
DLEEIRTQPWWAQEQYGSVSTNLQRGNR,4.33284200294
DLEEIRTTNPEATEQGGDVEEGECQGLA,4.16794433377
DLEEIRTTNPEATEQYGDVEEGECQGLA,4.37853550288
DLEEIRTTNPEATEQYGSVEEGECQGLA,5.0979782698
DLEEIRTTNPFATAQYGSVETGPYNGLF,6.095722295859999
DLEEIRTTNPFATAQYGSVETGPYNGNF,6.280810022619999
DLEEIRTTNPFATAQYGSVETGPYQGLF,6.23873660607
DLEEIRTTNPFATAQYGSVETGPYQGNF,6.36020011856
DLEEIRTTNPFATEQGGDVEEGECQGDF,4.122062688040001
DLEEIRTTNPFATEQYGDVEEGECQGDF,5.01405729914
DLEEIRTTNPFATEQYGSVEEGECQGDF,4.92579729441
DLEEIRTTNPFATEQYGSVETGPYNGNF,5.86525575248
DLEEIRTTNPFATEQYGSVETGPYQGNF,6.19095487214
DLEEIRTTNPFATLQYGSVEHGLIPGNP,5.80354154436
DLEEIRTTNPFATLQYGSVETGLIPGNP,5.28622210197
DLEEIRTTNPGATQFYWIVWEGECILLP,5.15908435685
DLEEIRTTNPGATQQYWIVWEGECILLP,6.1379505312500005
DLEEIRTTNPTATAQFGSVETGPYQGLG,6.17606440417
DLEEIRTTNPTATAQYGSVETGPYQGLG,6.28194110464
DLEEIRTTNPTATAQYGSVETGPYQGNG,5.92348713373
DLEEIRTTNPTATEQGGDVEEGECQGDF,3.603869199530001
DLEEIRTTNPTATEQGGDVNEGECNGDF,5.64020915247
DLEEIRTTNPTATEQYGDVEEGECQGDF,4.96938656296
DLEEIRTTNPTATEQYGDVNEGECNGDF,4.42595140733
DLEEIRTTNPTATEQYGSVEEGECQGDF,4.79028232376
DLEEIRTTNPTATEQYGSVETGPYQGLF,6.33662254241
DLEEIRTTNPTATEQYGSVETGPYQGNF,6.22028913177
DLEEIRTTNPTATEQYGSVETGPYQGNG,6.21657669073
DLEEIRTTNPTATEQYGSVNEGECNGDF,5.19184045012
DLELIRPTNPFAYLFYGSVEHGGIPGIP,4.850509167109999
DLELIRTTNPFATLQYGSVEHGGIPGNP,4.58891885806
DLELIRTTNPFATLQYGSVEHGLIPGNP,3.31400440171
DLELIRTTNPFAYLFYGSVEHGGIPGIP,4.06544928474
DLELIRTTNPFAYLQYGSVEHGGIPGIP,4.02549930836
DLELIRTTNPFAYLQYGSVEHGGIPGNP,5.21307924649
DLEQIRTTNPDAFGQYGCVDPAFFYGTY,5.06781629929
DLEQIRTTNPDAFGQYGCVDPAFQRGTY,5.70340487308
DLEQIRTTNPDAFGQYGCVDPAFQYGTY,5.17447640727
DLEQIRTTNPDAFGQYGSVDPAFQRGTY,4.09290728025
DLEQIRTTNPDAFGWYGCVDPAFFYGTY,5.48364366721
DLEQIRTTNPDAFGWYGCWDPAFFYGTY,5.04478533063
DLEQIRTTNPVAFGQYGSVDPAFQRGTY,5.214302387759999
DLEQIRTTNPVAFGQYGSVDPALQRGTY,4.56122486212
DLEYIRTTNPDATQQYGSVFTPDDPGEG,5.06009838613
DLEYIRTTNPDAYQQYGSVFTPDDPGEG,5.12046436994
DLNCCVGTNPFATEQYGYFFTGLCVGLQ,4.49953253971
DLNCCVGTNPFATEQYGYFFTGLQRGLQ,4.74522504877
DLNCCVGTNPFATEQYGYFFTGLQVGLQ,5.36633586579
DLNCCVTTNPFATEQYGYFFTGLQRGLQ,5.2883673738
DLNECVTTNPFATEQYGYFFTGLQRGLQ,4.657762207519999
DMEEIRTSNGFATEQYYSVSPNYFLGNN,5.72416343324
DMEEIVTTNPDATEQYGSVDEVDENGDF,5.27106451539
DMEEIVTTNPDATEQYGSVDTVDENGDF,4.7716741491
DMELIMTCNPTASDCFAFLHANYIQGPF,5.45792883863
DMELIMTTNPTASDCFAFLHANLIQGPF,5.262832281690001
DMELIMTTNPTASDCFAFLHANYIQGPF,5.79385077667
DMELIMTTNPTASDCFAFLSANLIQGPF,4.88515530992
DMELIMTTNPTASDCFAFLSTNLIQGPF,4.972513793319999
DMELIMTTNPTASDCFASLSTNLIQGPF,5.49493482797
DMELIMTTNPTATDCFASLSTNLIQGPF,4.91319725763
DMELIMTTNPTATDCFASVSTNLIQGPF,5.272355055809999
DMELIMTTNPVATDCFASVSTNLIQGNF,4.69799137689
DMELIMTTNPVATDCFASVSTNLIQGPF,4.91117750514
DMEVHRTSNGFAHSQYYIWHPCYFLGEN,4.63083624713
DMEVHRTSNGFAHSSYYIWHPCYFLGEN,3.1186087127499995
DMEVHRTSNGFATEQYYIVHPCYFLGEN,4.149303336059999
DMEVHRTSNGFATSQYYIVHPCYFLGEN,4.84542387795
DMEVHRTSNGFATSQYYIWHPCYFLGEN,4.15982061359
DMEVIRTSNGFATEQYYIVHPCYFLGEN,4.67398111274
DMEVIRTSNGFATEQYYIVHPCYFLGNN,5.65589323833
DMEVIRTSNGFATEQYYIVHPNYFLGNN,4.968501745369999
DMEVIRTSNGFATEQYYSVHPNYFLGNN,3.66560336327
DMHEIRETNEVATNQYRSVSTNLQRGNR,3.41062312385
DMIEIKQTNPVATEQFGSFSTNVQRGNR,5.34511724256
DMIEIKQTNPVATMQFGSFSTNVQRGNR,4.7352409602
DMIEIKQTNPVATMQFKSFSTNVQRGNR,4.17345647436
DMILIKQTNPVATMMFKSFNTNVQRGNR,4.16498495829
DMILIKQTNPVATMQFKSFNTNVQRGNR,1.83963276305
DMILIKQTNPVATMQFKSFSTNVQRGNR,5.8188820905
DMQEIVTTNPDATEQYGSVDEVDENGDF,5.3001928092
DMQEIVTTNPDATQQYGSVDEVDENEDF,4.91382465275
DMQEIVTTNPDATQQYGSVDEVDENGDF,5.21063607057
DMQETRTTNGVCHDQFGSSSSNLQRGNC,5.435924562209999
DMQETRTTNGVCHDQFGSSSSNLQRPNC,4.37191008844
DMQETRTTNGVCHDQYGSSSSNLQRGNC,4.2791957279
DMQETRTTNGVCHDQYGSSSTNLQRGNC,5.4606745637
DMQETRTTNGVCHDVFGSSSSNLQRPNC,4.83435782101
DMQETRTTNGVCHDVFGWSSSNLQEPMC,3.52940010486
DMQETRTTNGVCHDVFGWSSSNLQEPNC,6.21307924649
DMQETRTTNGVCHDVFGWSSSNLQRPNC,4.2596719408
DMQETRTTNGVCHDVFGWSVSNLQEPMC,4.22131863409
DMQETRTTNPVCHDQYGSSSTNLQRGNC,3.85157237636
DMQETRTTNPVCHDQYGSSSTNLQRGNR,4.74408637321
DMQETRTVNGVCHDVFGWSVSNLQEPMC,4.0234939683
DMQETRTVNPVCHDVFGWSVSNLQEPMC,4.49190076788
DMYEIRSTNPVFTEQYSSSSTLMQRGNN,5.262832281690001
DMYEIRSTNPVFTEQYSSSSTNMQRGNN,5.88515530992
DMYQIRSTNPVFTEQYSSSSTLMQRGNN,5.48258314298
DNDEIPTTNPVATEFYGSVNTNMQRPNR,4.374623107150001
DNDEIPTTNPVSTEFYGSVNTNMQRPNR,4.177502401799999
DNDEIPTTNPVSTEFYGSVNTNMWRPNH,5.53500734138
DNDEIPTTNPVSTEFYGSVNTNMWRPNR,5.64039507555
DNECNWCTNPHDHDCYHFVADPWWCEFA,5.08114383093
DNECNWCTNWHDHDCYHFDADPWWCEFA,5.09690921081
DNECNWCTNWHDHDCYHFVADPWWCEFA,4.5699218676
DNEEIQQTNPVATDQYGDVETNLDRGIG,5.46636567578
DNEEIWCTNPHDHDCYHFVADNWWCEFA,5.69606289774
DNEEIWCTNPHDHDCYHFVADPWWCEFA,4.83464940636
DNEEKRSTNPVAVEDYENVSTNLIQGNR,4.766598699569999
DNEEKRSTNPVAVEDYENVSTNLIQGNW,4.06932460579
DNEEKRSTNPVAVEDYENVSTNLIRGNR,3.53921624118
DNEENWCTNPHDHDCYHFVADPWWCEFA,4.89733063911
DNEHIAPTNPHAYQCWGSNNGWKHDGIP,5.260216333490001
DNEHIAPTNPHAYQCWGSNNTWKHDGIP,5.781025770199999
DNEHIATTNPIEFEIGGWVEMPAHPYTA,6.19848187028
DNEHIATTNPIEFEIGWWVEMPAHPYTA,4.9733256645
DNEHIATTNPIEFEIYGWVEMPAHPYTA,5.9074187651
DNEHIATTNTIEFEIGWWVEMPAHPYTA,4.28675812094
DNEHIATTNTIEFLIGWWVEMPAHPYTA,5.29663498978
DNEHIRPTNPHAYQCWGSNNTWKHDGIP,5.98865731825
DNEHIRPTNPHAYQQWGSNNTWKHDGIP,5.29352907891
DNEHIRPTNPHAYQQYGSNNTWKHDGIP,4.58238947212
DNEHIRPTNPVAYQQYGSNNTWKHDGIP,6.132248171880001
DNEHIRTTNPIATEIYGSVSTPAQPGNR,5.68875809711
DNEHIRTTNPIEFEIYGSVSTPAQPGNR,4.28329706583
DNEHIRTTNPIEFEIYGWVEMPAHPYNA,3.0678162992899987
DNEHIRTTNPIEFEIYGWVEMPAQPGNA,5.65831698355
DNEHIRTTNPIEFEIYGWVEMPAQPGNR,5.42937146829
DNEHIRTTNPIEFEIYGWVEMPAQPYNA,5.79150457547
DNEHIRTTNPIEFEIYGWVETPAQPGNR,6.25442004188
DNEHIRTTNPIEFEIYGWVSTPAQPGNR,6.005765599119999
DNEQFRTRNPVAFAQWGSVSDYEHPGSG,2.86690360536
DNEQFRTRNPVAFAQWGSVSDYEHPVSG,3.817272837640001
DNEQFRTRNPVAFAQWGSVSDYLHPGSG,3.3143625823300003
DNEQFRTRNPVAFEQWGSVSDYLHPGSG,3.08689353648
DNEQFRTRWPVAFAQWGSVSDYEHPVSG,4.03999887805
DNEQFRTRWPWAFAHWPADWDYEHPVSG,4.362534295630001
DNEQFRTRWPWAFAHWPAVWDYEHPVSG,4.159084356849999
DNEQFRTRWPWAFAQWGSVSDYEHPVSG,3.4773367936
DNEQFRTRWPWAFAQWPAVWDYEHPVSG,3.769417663169999
DNEQFRTRWPWAFAQWPSVSDYEHPVSG,3.4446706046800006
DNEQFRTRWPWAFAQWPSVWDYEHPVSG,5.0234939683
DNEQFRTRWYWAFAHWPADWDYEHPVSG,2.3328420029399988
DNEQFRTRWYWKFAHWPADWDYEHPVSG,4.078914008169999
DNERIQQTNPVATDQMGDVETNLDQGIG,5.04870747634
DNERIQQTNPVATDQMGDVETNLDRGIG,4.69655120204
DNERIQQTNPVATDQYGDVETNLDRGIG,5.0416456231
DNERYQQTNPSASDLMQDGEGLEDQMIG,4.5062584029
DNERYQQTNPSASDQMGDGEGLEDQMIG,4.98510849036
DNERYQQTNPSASDQMGDGEGLLDQMIG,3.7189457239699992
DNERYQQTNPSASDQMGDVEGLLDQMIG,4.24933643921
DNERYQQTNPSASDQMQDGEGLEDQMIG,3.44166340722
DNERYQQTNPSATDQMGDVEGLLDQMIG,3.53806714113
DNERYQQTNPVATDQMGDVEGLLDQMIG,3.65051929283
DNERYQQTNPVATDQMGDVETLLDQGIG,4.3384793727
DNERYQQTNPVATDQMGDVETLLDQMIG,4.145409419959999
DNERYQQTNPVATDQMGDVETNLDQGIG,4.22043619781
DNKESRTTNPVATEQYHSFSTNLQRYNR,4.21797804591
DNRWILGCNCITHMFWWHWHSCEYYLGW,6.27809903835
DNRWILGTNCITHMFWGHWHSCEYYLGW,5.25023224491
DNRWILGTNCITHMFWWHWHSCEYYLGW,6.31698805174
DNRWIRGTNCITHEFWGHWHSCEYYLGW,4.04101088551
DNRWIRGTNCITHMFWGHWHSCEYYLGW,6.31391806067
DNRWIRGTNCVTHEFWGHVHSCEYYGGW,4.72370896953
DNRWIRGTNCVTHEFWGHVHSCEYYLGW,5.34836846638
DNRWIRGTNCVTHEFWGHWHSCEYYLGW,4.42776951156
DNSHIAPTNTIEFLIGWWVEMPAHPYTA,4.49580945367
DNSHIAPVNTIEFLIGWWVEMPAHPYTA,5.52145680302
DPECIQPRNFDAWAVCYDVFEPDCDMIC,4.281277949010001
DPECIQTRNFDAWAVCYDVFEPDCDMIC,4.36101267563
DPECIRPTNWFATQCYWFWHEPDFDEEP,5.52140703934
DPECIRPTNWFATQCYWFWWEGDWDWEN,5.67281655324
DPECIRTRNFDAWAQCYDVFEPDCDMIC,3.7051233903
DPECIRTRNFDAWAQCYDVFEPDCDMNC,1.848981697360001
DPECIRTRNFDAWAVCYDVFEPDCDMIC,4.16122723885
DPECIRTTNPDATQQPWSWEDPDDPEEP,5.710784403440001
DPECIRTTNPDATQQYWSWEHPDDPGEP,5.22964002514
DPECIRTTNPDAWAQCGSVDTGDCPGLD,5.95672915397
DPECIRTTNPDAWAQYGSVDTGDCPGLD,4.17090979225
DPECIRTTNWFAAQCYGFWHEPDFDEEP,5.67204070217
DPECIRTTNWFAAQCYKFWHEPDFDEEP,5.14485400319
DPECIRTTNWFATQCYGFWHEPDFDEEP,3.68103706005
DPECIRTTNWFATQCYWFWHEPDFDEEP,4.476489893049999
DPECIRTTNWFATQCYWFWWEGDWDWEN,6.11038260256
DPEEIRPTNPFATEQYWDWHEGDCDMED,4.78011983922
DPEEIRPTNPFATQQYWDWHEGDCDMED,3.445124077130001
DPEEIRPTNWGAAQCYGFVHDGGCQWEN,4.35141954433
DPEEIRPTNWGAAQCYKFVHDGGCQWEN,4.90668847147
DPEEIRPTNWGATQCYGFVHDGGCQWEN,5.2969805041
DPEEIRTRNFDAWAQCYDVFEPDCDMNC,4.340834793689999
DPEEIRTTNFDAFAQCFDWFEDDCHFLC,5.641683935990001
DPEEIRTTNFDAFAQCFDWFEGDCHEQC,4.91848508899
DPEEIRTTNFDATAQCFDWFEDDCHFLC,4.38292608447
DPEEIRTTNFDATAQCFDWFEDDCHGLC,4.52039011533
DPEEIRTTNFDATAQCFDWFEGDCHEQC,3.99809529363
DPEEIRTTNFDATAQCFDWFEGDCHGQC,4.61459560612
DPEEIRTTNFDATAQCGDVFEPDCDGNC,4.40124003301
DPEEIRTTNFDATAQCYDVFEPDCDGNC,4.2883673738
DPEEIRTTNFDATAQCYDVFEPDCDMNC,4.66706302601
DPEEIRTTNFDAWAQCYDVFEPDCDMNC,4.49894404489
DPEEIRTTNPDAFQQYWSWEHPDDPGEP,5.67029656127
DPEEIRTTNPDATQQYWSWEHPDDPGEP,5.18145216988
DPEEIRTTNPDAWAQYGSVDTGDCPGLD,5.16836759769
DPEEIRTTNPDAWAQYGSVDTGDCPGND,4.69872838587
DPEEIRTTNPFATECYGSVEHPGDPGEP,6.27684669882
DPEEIRTTNPFATECYGSVETPDLPGEP,5.4174560753
DPEEIRTTNPFATECYGSWHEPDFDGEP,5.935075108
DPEEIRTTNPFATECYGSWWEGDWDGEN,5.93532006853
DPEEIRTTNPFATEQYGSVETPDDPGEP,2.69058083272
DPEEIRTTNPFATEQYGSVETPDDPGNP,5.54609286825
DPEEIRTTNPFATEQYGSVETPDLPGEP,4.1803677355
DPEEIRTTNPFATEQYGSVETPDLPGNP,5.48101245174
DPEEIRTTNPFATEQYGSVETPGDPGEP,5.07335448283
DPEEIRTTNPFATEQYGSVETPLDPGEP,5.09894619673
DPEEIRTTNPFATEQYGSVETPLDPGNP,4.492837887139999
DPEEIRTTNPFATEQYGSVHEPDFDGEP,5.54305319834
DPEEIRTTNPFATEQYGSVWEGDWDGEN,5.995776823969999
DPEEIRTTNPFATEQYGSWDTGDDPGND,4.45463163752
DPEEIRTTNPFATEQYGSWHEPDFDGEP,4.88766216553
DPEEIRTTNPFATEQYGSWWEGDWDGEN,6.38522891305
DPEEIRTTNPFATEQYWDWHEGDCDGED,4.06145239377
DPEEIRTTNPFATEQYWDWHEGDCDMED,4.48839198211
DPEEIRTTNPFATEQYWSWDTGDDPGND,6.03610743956
DPEEIRTTNPFATLCYGSVEHPGDPGEP,5.6566106616
DPEEIRTTNPFATQCYGFWHEPDFDEEP,5.91679304891
DPEEIRTTNPFATQCYGFWWEGDWDGEN,5.84779478241
DPEEIRTTNPFATQCYGSVEHPDDPGEP,6.11053717427
DPEEIRTTNPFATQCYGSVEHPDLPGEP,5.191719979569999
DPEEIRTTNPFATQCYGSVETPDDPGEP,6.03567491219
DPEEIRTTNPFATQCYGSVETPDLPGEP,6.31436258233
DPEEIRTTNPFATQCYGSWEHPDDPGEP,5.78154370057
DPEEIRTTNPFATQCYGSWHEPDFDEEP,5.95500575693
DPEEIRTTNPFATQCYGSWHEPDFDGEP,5.36470539468
DPEEIRTTNPFATQCYGSWWEGDWDGEN,6.14866126177
DPEEIRTTNPGACQHYWFVWYEDCAFHQ,5.20864018133
DPEEIRTTNPGATECYGSVHDGGCQGEN,4.45018697767
DPEEIRTTNPGATEQYGSVHDGGCQGEN,5.051328176499999
DPEEIRTTNPGATEQYGSVHTGGCQGEN,5.14338872949
DPEEIRTTNPGATQCYGFVHDGGCQGEN,5.16799218252
DPEEIRTTNPGATQCYGSVHDGGCQGEN,5.35303009066
DPEEIRTTNPGATQHYWFVWYEDCAFHQ,4.97604004919
DPEEIRTTNPGATQQYWFVWYEDCAFHQ,4.49729753533
DPEEIRTTNPGATQQYWFVWYEECAFQQ,5.31600294071
DPEEIRTTNWFATQCYGFWHEPDFDEEP,5.29881973821
DPEEIRTTNWFATQCYGFWWEGDWDGEN,5.545325297130001
DPEEIRTTNWFATQCYGFWWEGDWDWEN,5.03897474899
DPEEIRTTNWFATQCYWFWHEPDFDEEP,4.952999021969999
DPEEIRTTNWFATQCYWFWWEGDWDWEN,5.73631949555
DPEEIRTTNWGATQCYGFVHDGGCQGEN,3.68463506906
DPEEIRTTNWGATQCYGFVHDGGCQWEN,5.68017256684
DPEFIRTTNPAAYSQYASHSTNLQRGNR,5.52120154186
DPEFIWTTTPVAMEQYGSVSTTLQWGWR,5.29845619142
DPEFIWTTTPVAMEQYISVSTTLQWGWR,4.434340053500001
DPEFSKTTNCAAYSGYASHSGNLQNGQR,5.33612779102
DPEFSKTTNPAAYSGYASHSGNLQNGQR,3.80478189345
DPEFSKTTNPAAYSGYASHSTNLQNGNR,4.06932460579
DPEFSKTTNPAAYSGYASHSTNLQNGQR,4.74522504877
DPEFSKTTNPAAYSQYASHSTNLQNGNR,4.95398006219
DPEFSRTTNPAAYSQYASHSTNLQNGNR,4.35307396639
DPEFSRTTNPAAYSQYASHSTNLQRGNR,1.3258844522300013
DPEIIRATNPMATLQYGSVWHSGDEGIL,4.80459130028
DPEIIRATNPVATLQYGSVWHSGDEGIL,5.74488832452
DPEIIRTTNPFATQCYGSWEHPDDPGEP,5.61051757554
DPEIIRTTNPFAYQCYGSWEHPDDPGEP,6.03049467308
DPEMIRCTNFDAWAICGSWDGGDCPGND,5.2207409482
DPEMIRPTNPDAWQIYGSWEHGDDPGLP,4.68875809711
DPEMIRPTNPDAWQIYWCWEHGDDPGLP,4.543296382059999
DPEMIRPTNPDAWQIYWSWEHGDDPGLP,4.79509360277
DPEMIRPTNPFATLQYWSWDHGDDPGED,4.301306429509999
DPEMIRPTNPFATQQYWDWHEGDCDMED,4.19969269288
DPEMIRPTNPFAYLQYWSWDHGDDPGED,4.347176320569999
DPEMIRPTNWGAAQCYKFVHDGGCQWEN,4.7745304577
DPEMIRTTNFDAFAQCFDWFEDDCHFLC,3.68348266714
DPEMIRTTNFDAFASCFDWFEDDCHFLC,4.73641197897
DPEMIRTTNFDAWAICGSVDTGDCPGND,5.36166829711
DPEMIRTTNFDAWAICGSWDGGDCPGND,4.26917380857
DPEMIRTTNFDAWAICGSWDTGDCPGND,4.61522906169
DPEMIRTTNFDAWAQCGSVDTGDCPGND,4.26917380857
DPEMIRTTNPDATAQYGSVDTGDCPGND,4.09713186611
DPEMIRTTNPDATQQYGSVETGLDPGNP,4.44580435329
DPEMIRTTNPDATQQYWSWEHPDDPGEP,5.77476932439
DPEMIRTTNPDAWAQCGSVDSGDCPGLD,3.7346558070599993
DPEMIRTTNPDAWAQCGSVDTGDCPGND,4.099499889800001
DPEMIRTTNPDAWAQYGSVDSGDCPGLD,4.22535757627
DPEMIRTTNPDAWAQYGSVDTGDCPGND,5.02457544889
DPEMIRTTNPDAWQIYGSVEHGDDPGLP,5.73952429888
DPEMIRTTNPDAWQIYGSWEHGDDPGLP,4.53921624118
DPEMIRTTNPDAWQQYGSVEHGDDPGLP,4.76256694555
DPEMIRTTNPDAWQQYGSVEHGDDPGNP,5.27714011838
DPEMIRTTNPDAWQQYGSVEHGLDPGNP,4.83616008193
DPEMIRTTNPFATEQYWSWDTGDDPGED,5.05680330656
DPEMIRTTNPFATEQYWSWDTGDDPGND,4.89745266872
DPEMIRTTNPFATLQYWSWDHGDDPGED,5.62602234177
DPEMIRTTNPFATLQYWSWDTGDDPGED,5.074319819119999
DPEQIRTTNPFATQCYGSVEHPDDPGEP,4.84779478241
DPEQIRTTNPFATQCYGSVEHPDLPGEP,4.67981805276
DPEQIRTTNPFATQCYGSWEHPDDPGEP,5.78922424154
DPEQIRTTNPFAYQCYGSWEHPDDPGEP,4.19485548788
DPEVIRTTNPFAALCYGAVEHPGDPGEP,5.0771489112
DPEVIRTTNPFAALCYGSVEHPGDPGEP,4.340834793689999
DPEVIRTTNPFATLCYGSVEHPGDPGEP,5.13171472945
DPEYIRTTNPDATQQYGSVFTPDDDGED,3.78435239267
DPEYIRTTNPDATQQYGSVFTPDDDGND,5.16135096383
DPEYIRTTNPDATQQYGSVFTPDDDGNF,4.64895708906
DPEYIRTTNPDATQQYGSVFYPDDDGNF,5.47034552669
DPEYIRTTNPDAYQCYGSVFTPDDDGED,4.8132434722
DPEYIRTTNPDAYQQYGSVFTPDDDGED,5.5731724023
DPHMIRCTNFDAWAICGSWDGGDCPGND,4.70340487308
DPLEIRTTNPAATEQYLSCRFNLQFNAR,4.99138563604
DPLEIRTTNPAATEQYLSCSFNLQFNAR,4.97937833462
DPLEIRTTNPAATEQYLSVSFNLQFNAR,4.85125034105
DPNIIRATNPMATLCYGSVWHSGDEGIL,5.008259454609999
DPNIIRATNPMATLQYGSVWHSGDEGIL,5.22641488306
DQEAIRGTNPDATELYISVSSNDQLEVS,5.76073804814
DQEAIRGTNPDATQLYISVESNDQLEVS,6.34083479369
DQEAIRGTNPDATQLYISVSSNDQLEVS,4.91948352048
DQEEIRGTNPDATELYISVSSNDQLEVS,5.3392534718
DQEEIRGTNPDATELYISVSTNDQLEVS,4.56606768972
DQEEIRTTMRKATEEYGSVSTWLQRGNR,3.1602625480499995
DQEEIRTTNPDATELYISVSTNDQLEVS,5.252025526740001
DQEEIRTTNPVATELYISVSTNDQLEVS,5.93238990397
DQNAIGGTNPDATQLYISVESNDQLEVS,4.07113665758
DQNAIRGTNPDATQLYISVESNDQLEVS,5.87332987452
DRECIRDTNPVATNQYGSHSTNLDRGNR,3.66185238363
DREECRTSNSLATWGYGSVGTNLQMRNR,4.12705550266
DREEIRTTLPVWTEQAGSVSTNLERPYR,5.051328176499999
DREEIRTTNFVATVGFGPVPTMLIRGNV,5.38530728692
DREEIRTTNFVATVQFGPVPTMLIRGNV,4.92579729441
DREEIRTTNPVATVQFGPVPTMLIRGNV,4.9433556658
DREEIRTWNPVLTEQKGSVDKNHCTGNP,4.00313149533
DREYIRTTNPVATKQDDVVSMNLPFGMR,3.7564661619000006
DREYIRTTNPVATKQDDVVSTNLPFGMR,4.47220655437
DREYIRTTNPVATKQDGVVSTNLPFGMR,4.559669395619999
DSEGIRHTVPVATMQYNRVPTNLQYINR,6.180268836090001
DSEGIRTTNPVATMQYNRVPTNLQYINR,2.3251244149899994
DSEGIRTTNPVATMQYNSVPTNLQYINR,4.27554333344
DSEGIRTTVPVATMQYNRVPTNLQYINR,4.16893214281
DSERIRQTNPIATWQYTSCYTGDYRGDS,4.199341059040001
DSERIRTTNPIATWQYGSCYTGDQRGNS,5.033779975290001
DSERIRTTNPIATWQYGSVYTGDQRGNR,5.98719783908
DSERIRTTNPIATWQYGSVYTGDQRGNS,4.46324633393
DSERIRTTNPIATWQYTSCYTGDQRGDS,4.30564536523
DSERIRTTNPIATWQYTSCYTGDQRGNS,3.2780990383500006
DSERIRTTNPIATWQYTSCYTGDYRGDS,4.07840771055
DSERTRQTNPIATWQYTSCYTGDYRGDS,4.30608884839
DSERTRQTNYIATWQYTSCYTGDYRGDS,2.99505995685
DSERTRQTNYIATWQYTSCYTGDYWGDS,4.76929280873
DSERTRQTNYICTWQYTHCYTGDYWGDS,4.06330081816
DSERTRQTNYICTWQYTSCYTGDYWGDS,5.56083104135
DSLEIRTTLFVATCCQFILQTTVLIGAH,6.37749326427
DTECIRTTNPHATCKWGDWHDGEMEGDA,4.82386544719
DTECIRTTNPHATCQWGDWHDGEMEGDA,5.5358507761
DTECIRTTNPYAGCKWGDWHEGEMEGDA,6.27438314436
DTECIRTTNPYAGCKWWDWHEGEMEGDA,5.31197993102
DTECIRTTNPYAMLQWGSWHTGEIEGAP,5.14152598547
DTECIRTTNPYATCKWGDWHEGEMEGDA,5.12302964185
DTECIRTTNPYATCQWGSWHEGEMEGDA,5.7504302079
DTECIRTTNPYATLQWGSWHTGEIEGNP,6.07466068033
DTECIRTTNPYATLQYGSVHTGEIEGNP,6.40692398415
DTEEIRTTNPDKTQQEWSWEDPDEWEEM,5.22359711841
DTEEIRTTNPHATCQWGSWHDGEMEGDA,6.23442856669
DTEEIRTTNPHATCQYGSWHDGEMEGDA,6.00977568705
DTEEIRTTNPHATCQYGSWHDGEMEGNA,6.2883673738
DTEEIRTTNPHATCQYGSWHEPEMTGNP,6.309513182669999
DTEEIRTTNPYATCQYGSWHEGEMEGDA,5.92069040398
DTEEIRTTNPYATCQYGSWHEGEMEGDP,6.2883673738
DTEEIRTTNPYATCQYGSWHEGEMEGNA,5.86690360536
DTEEMPTTNPSYFEHYRSVSTNLPRHNR,5.182832959630001
DTEEMRTTNPSYFEHYRSVSTNLPRHNR,5.17577554742
DTEMIRTTNPHAMCKWGDWHEPEMTGDP,5.34083479369
DTEMIRTTNPHATCKWGDWHEPEMTGDP,2.76256694555
DTEMIRTTNPHATCQWGDWHEPEMTGDP,5.525866687530001
DTEMIRTTNPHATCQWGSWHEPEMTGDP,4.46091124569
DTEMIRTTNPHATCQYGSWHEPEMTGDP,5.2893585762
DTEMIRTTNPYAFLKWGSWHTGDIEGNP,4.547285671159999
DTEMIRTTNPYAMCKWGDWHEGEMEGDP,5.55656348475
DTEMIRTTNPYAMLQWGSWHTPDIPGNP,4.133108282439999
DTEMIRTTNPYAMLQWGSWHTPDIPGTP,4.17090979225
DTEMIRTTNPYAMMQWGSWHTPDIPGNP,5.97617081693
DTEMIRTTNPYAMMQWGSWHTPDIPGTP,6.24023085275
DTEMIRTTNPYAMMWWGSWHTPDIPGTP,4.366565068790001
DTEMIRTTNPYATCQWGDWHEGEMEGDP,5.69589728558
DTEMIRTTNPYATCQWGSWHEGEMEGDP,5.677869780969999
DTEMIRTTNPYATCQYGSWHEGEMEGDP,6.067411899830001
DTEMIRTTNPYATEQYGSVHTGDIEGNP,2.68446239052
DTEMIRTTNPYATEQYGSVHTPDIPGNP,4.83698802746
DTEMIRTTNPYATLKWGSWHTGDIEGNP,4.88766216553
DTEMIRTTNPYATLQWGSVHTGDIEGNP,5.8854395568
DTEMIRTTNPYATLQWGSVHTPDIPGNP,5.67065629074
DTEMIRTTNPYATLQWGSWHTGDIEGNP,5.58625979993
DTEMIRTTNPYATLQWGSWHTPDIPGNP,4.193648716549999
DTEMIRTTNPYATLQYGSVHTGDIEGNP,5.54420627823
DTEMIRTTNPYATLQYGSVHTPDIPGNP,4.93225231655
DTEMIRTTNPYATMQWGSVHTPDIPGNP,5.52890714185
DTEMIRTTNPYATMQWGSWHTPDIPGNP,4.93657176601
DTEMIRTTNPYATMQYGSVHTPDIPGNP,6.02165730982
DTEQIRTTNPEATETYGSVQGNLQGGNP,5.51075979514
DTEVIRTTNPDKEQREWSWEDPDEWEEM,4.453928572540001
DTEVIRTTNPDKTQQEWSWEDPDEWEEM,3.53347987164
DTEVIRTTNPDKTQREWSWEDPDEWEEM,5.07970997787
DTEVIRTYNPDKEQREWEWEDPDEWEEM,6.10988035885
DTEVIRTYNPDKEQREWSWEDPDEWEEM,5.13310828244
DTQLIRGSRRDKYDRYESWIQHDICDEQ,3.615942031830001
DTQLIRTSRRDKYDRYESVIQHDICDEQ,2.04364665507
DTQLIRTSRRDKYDRYESWIQHDICDEQ,3.5107597951400003
DTQLIRTSRRDKYDRYGSVIQHDICDEQ,2.700188160389999
DTYHIRKSNPVAQEQYGSVSTNLQRGNR,4.773794200969999
DVEECRTTMRVQTCQYGSVSTNLQRGNR,2.7194285652499994
DVEEIRTKNPQATEMSGVGSTNLKRGSK,3.68633135972
DVEEIRTKNPVATEMSGVGSTNLKRGNR,3.87051485891
DVEEIRTKNPVATEMSGVGSTNLKRGSK,4.29266751123
DVEEIRTKNPVATEMSGVGSTNLKRGSR,5.5246972553
DVEFIETTRPVACEMYISVSTNLQRVYR,4.44228005725
DVEFIRTTNPVACEMYISVSTNLQRVYR,6.028697202
DVEFIRTTRPVACEMYISVSTNLQRVYR,4.89604995102
DVFEINTTIPVLTEQYQSVSTNPQFFQF,5.085506617719999
DVFEIRTTIPVLTEQYQSVSTNPQFFQF,4.854805462840001
DVFVINTTIPGLTLQYQSAYTHPDFFQF,5.405225380959999
DVFVINTTIPVLTEQYQSVSTNPQFFQF,5.18329351671
DVFVINTTIPVLTEQYQSVYTHPQFFQF,6.23065187594
DVFVINTTIPVLTEQYQSVYTNPQFFQF,5.44053680764
DVFVINTTIPVLTLQYQSVYTHPDFFQF,5.2044694494
DVFVINTTIPVLTLQYQSVYTHPQFFQF,5.5682452898
DVFVINTTIYGLTLQYQSAYTHPDFFQF,5.79455276114
DVFVINTTIYGLWLIFQNAYFHPDFFQF,5.385495444080001
DVFVINTTIYGLWLIFQNAYTHPDFFQF,5.08449504043
DVFVINTTIYGLWLIFQSAYTHPDFFQF,5.39306475247
DVFVINTTIYGLWLQYQSAYTHPDFFQF,6.3799952657
DVNEIRCTNPEATEFYGLVSTDEQQGNV,5.1148311188
DVNEIRTTNPEATEFYGLVSTDEQQGNV,5.71634392879
DVNEIVCTNPEATEFFGLVSEDEQQGLV,5.479541064519999
DVNEIVCTNPEATEFYGLVSEDEQQGLV,5.82893575516
DVNEIVCTNPEATEFYGLVSEDEQQGNV,5.35341285977
DVNEIVCTNPEATEFYGLVSTDEQQGNV,4.86247135905
DWVWIRTTNPVATEMVGSGSTNLQRGCR,4.589147693819999
DWVWIRTTNPVATEMVGSGSTWLQRGCR,6.26683421225
DWVWIRTTNPVATEMVGSGSTWLYRGCR,6.32093523626
DYEFERTTNPVATEQIGKESGNMIRGSR,5.12143241496
DYEFERTTNPVATEQYGKESGNMIRGSR,5.19787683985
EEDEISGTNPVACENYGICTDLIQHEEH,6.09180724585
EEDEISGTNPVACENYGICTDNIQHEEH,5.758011203730001
EEDEISGTNPVACENYGIVTDNIQHEEH,5.70340487308
EEDEISGTNPVATENYGIVTDNIQHEER,6.13780769722
EEDEISGVNPVACENYGICTDLIQHEEH,5.53364621203
EEDEISGVNPVCCENYGICTDLIQHEEH,5.232775047840001
EEEEFDTTNRVKTEQCGSVPQNLQNGNY,5.30141500549
EEEEFDTTNRVKTEQCGSVPTNLQNGNY,5.24979971754
EEEEFDTTNRVKTEQYGSVPTNLQNGNY,5.2883673738
EEEEISGTNPVATENYGIVTDNIQHEER,6.07466068033
EEEEISGTNPVATENYGIVTDNIQHGER,5.59515198243
EENEIRTTNPCCTEGYGDASEEECHEDS,4.6664106656
EENEIRTVNPCCTEGYGDAGEEECHEDS,5.42734378695
EENEIRTVNPCCVEGYGDAGEEECHEDS,6.025499308360001
EPEMIRPTNWGAAQCYKFFHDGGCQWEN,3.7163439287900006
EPEMIRPTNWGAAQCYKFVHDGGCQWEN,3.951792502949999
EPWMIRPTNWGAAQCYKFFHDGGCQWEN,4.61004777446
EPWMLCPTNWGAAQCYKFFHDGGCQWEN,5.026944017869999
EPWMLRPTNWGAAQCYKFFHDGGCQWEN,2.91558161628
FALEISQTGCHATECYGDCSTCIDSEKN,5.36780184129
FALEISQTGCHSTECYGDCDNCIDSEKN,4.70340487308
FALEISQTGCHSTECYGDCSNCIDSEKN,4.49943049669
FALEISQTGCHSTECYGDCSTCIDSEKN,4.39276258574
FDSELKAVNPCASESFGSMPNNVQRLTS,4.66276288858
FDSELKAVNPCASESFGSMPNQVQRLTS,4.85159635257
FDSELKAVNPCASESFGSMSNQVQRGTR,4.970191413769999
FDSELKAVNPCASESFGSMSNQVQRLTR,5.19952870813
FDSELKAVNPCASESFGSMSNQVQRLTS,4.66387650889
FEEEIRPTNPVASEQYGGVGTNLQQGPD,5.7132213835
FEEEIRPTNPVSSEQHGGVGNNLQQGPD,3.652778800009999
FEEEIRPTNPVSSEQYGGVGNNLQQGPD,6.15674384164
FEEEIRPTNPVSSEQYGGVGTNLQQGPD,6.05658390195
FEEEIRTTNCHATECYGDVSTCIQSEKN,6.42329695389
FEEEIRTTNCHATEQYGDVSTCIQSGKN,5.77637274507
FEEEIRTTNCHATEQYGDVSTCLQSGKN,5.39654422628
FEEEIRTTNPVSSEQYGGVGNNLQQGPD,5.77523761784
FEEEIRTTNPVSSEQYGGVGNNLQRGPD,3.97160098403
FEEGIRTTNVVAFSQAGSVRVMLQRGNS,5.52045319134
FEEGIRTTNVVATSQAGSVRVMLQRGNS,6.309125933969999
FEEGIRTTNVVATSQYGSVRVMLQRGNS,5.48637563651
FEEYIRRTNPVATLQAGSVSTNLQRFNR,5.10636954006
FEGEIRMVNCIGSEQYGNASSNLQDLAD,5.68942064364
FEGEIRMVNCIGSVQYGNASSNLQDLAD,4.52310818756
FEGEIRTVNCIGSEQYGNASSNLQDLAD,6.0416456231
FEGEIRTVNCIGSEQYGNVSSNLQDLAD,6.03567491219
FEGEIRTVNCIGSEQYGNVSSNLQDLND,5.25150298325
FEHELCAVNPVCTEPWGCCAELVQGGTT,6.4045603913
FEHELCAVNPVCTEPWGCVSELVQGGNT,5.95985913049
FELEIRTTGCHATECYGDCSTCIDSEKN,5.5818428932
FELEIRTTGCHATECYGDVSTCIDSEKN,6.09335139139
FELEIRTTGCHATECYGDVSTCIQSEKN,5.59619527164
FELEIRTTNCHATECYGDVSTCIQSEKN,5.60386919953
FELEISQTGCHATECYGDCSTCIDSEKN,5.80340066305
FELEISTTGCHATECYGDCSTCIDSEKN,5.63034141089
FESELKAVNPCASEQFGSMSNQVQRGTR,5.38147677819
FESELKAVNPCASEQYGSMSNQVQRGTR,4.83833445316
FESELKAVNPCASEQYGSVSNQVQRGTR,5.27670445627
FESELKAVNPCASESFGSMPNNVQRLTS,3.6610940682200006
FESELKAVNPCASESFGSMSNQVQRGTR,5.06781629929
FESELKAVNPVASEQYGSVSNQVQRGTR,5.65693044328
FGETIRTTNPFATLRFGSVEENLQRQNR,4.93676841224
FGETIRTTNPFATLRYGSVEENLQRQNR,5.34083479369
FGGEIRMTNCIGSEQYGNAMSNLQRLAD,4.474598643709999
FGGEIRMTNCIGSVQYGNAMSFLQDLAD,4.41122412158
FGGEIRMTNCIGSVQYGNAMSNLQDLAD,3.27372059783
FGGEIRMTNCIGSVQYGNAMSNLQRLAD,5.72940008161
FGGEIRMTNPIASEQYGNAMTNLQRLNR,4.89408843469
FGGEIRMTNPIGSEQYGNAMSNLQRLAD,4.75324637249
FGGEIRMTNPIGSEQYGNAMTNLQRLAD,5.303908224690001
FGGEIRMTNPIGSEQYGNAMTNLQRLAR,5.05740855631
FGGEIRMTNPIGSEQYGNAMTNLQRLNR,4.93249194699
FGGEIRMVNCIGSVQYGNAMSFLQDLAD,6.369403945889999
FGGEIRMVNCIGSVQYGNASSFLQDLAD,3.5632272150300004
FGGEIRMVNCIGSVQYGNASSNLQDLAD,5.00679701653
FGGEIRTTNPIASEQYGNAMTNLQRLNR,3.36916351675
FGGEIRTTNPVASEQYGNAMTNLQRLNR,3.84779478241
FGHYVACCNTFCMDICYAACALPEFDFG,6.14397746446
FGHYVRTCNTFAMDIYYAVCALPEFDFG,6.25700320289
FGHYVRTCNTFAMDIYYAVCALPEFGFG,5.49493482797
FGHYVRTCNTFCMDIYYAACALPEFDFG,5.62260576211
FGHYVRTCNTFCMDIYYAVCALPEFDFG,4.85540796652
GDDEVHCTNPDSTEWWGWCDYNLDLGLA,4.23649813388
GDEEIHMCNVCATWFYGVVASNLENLLR,5.94139414947
GDEEIHMCNVCATWFYGVVASNLQNLLR,5.18883170025
GDEEIHMCNVCATWFYGVVSSNLQRLLR,4.80026641233
GDEEIHTCNVCATEFYGSVSSNLQRGNR,5.68294077052
GDEEIHTCNVCATEFYGVVSSNLQRGLR,5.82539539746
GDEEIHTCNVCATEFYGVVSSNLQRLLR,5.262832281690001
GDEEIHTCNVCATWFYGVVSSNLQRLLR,4.9747068949
GDEEIRCTNPFCSEQYGGVDTNVIHGEP,5.07677319306
GDEEIRCTNPVATEMYGFAGSNLMRLTQ,6.3607343511300005
GDEELYAVNPYSSEIYGFVGNDLGPGTL,5.42329695389
GDEEVACTNPVASEQYGSVAMNLQRGNQ,6.13621707408
GDEEVHCTNPDSTEWWGWCDYNLDLGLA,4.64176580729
GDEEVRSVNPFCSELYGYVDMPDDQGMA,5.10301233179
GDFEVSPTNPQDTEQYGFFMEFEYPLQN,5.66109406822
GDMEVACTNPVASEQFGSAAMNLMRLNQ,5.0761315675
GDMEVACTNPVASEQFGSAAMNLQRLNQ,5.93213882129
GDMEVACTNPVASEQFGSVAMNLQRLNQ,6.14980654327
GDSEIHMCNPCAYWFYGVVASNFERLLE,6.36478048932
GDSEIHMCNVCATWFYGVVASNFENLLE,5.431032602659999
GDSEIHMCNVCAYWFYGVVASNFENLLE,6.068689337159999
GDSEIHMCNVCAYWFYGVVASNFERLLE,4.93952427753
GDSEIHMTNPCAYWFYGVVASNFERLLE,5.63301554519
GDSEIHTTNPCAYWFYGVVASNFERLLE,6.17634075607
GDSEIRTTNPCAYEFYGVVASNLERLLR,5.51960837863
GECEIMTVNPCATETYGCASSEDCRLNH,3.84238128623
GECEIRTVNPCATETYGCASSEDCRLNH,4.24999662662
GECELRGTNPIACEQWGLASSADFLMLM,6.42686187074
GECELWGTNPIACEQWGLASSADFLMLM,6.14278433273
GEEEICSTNPFATEQYGICPNEQQYGLL,5.61168870399
GEEEICSVNPFACEQWGICPNEQQYGLL,5.293059069119999
GEEEICSVNPFACEWWGICPNEQQYGLL,6.0219343915
GEEEICSVNPFATEQWGICPNEQQYGLL,5.24172664868
GEEEICSVNPFATEQYGICPNEQQYGLL,5.19848187028
GEEEIRPTNPMATEQQGSISTNLTEPNW,5.001524620580001
GEEEIRQTNPVCTECYGLTSMTLQRGNR,6.4156025621
GEEEIRTTNPVATEQMGWVATDDQPPNR,4.37120844274
GEEEISTTNPQDTEQYGFFMEFEYPGQN,5.17856336479
GEEEISTTNPQDTEQYGSFMEFEYPGQN,4.90930917163
GEEEIVCVNPVATELYGDAAENLQRGNR,5.4789109291
GEEEIVCVNPVCTELYGDAAENLQRGNR,5.0215808331
GEEELRGVNPVASENYGIVSTNLQRGTQ,4.81340605687
GEEELRGVNPVASENYGSVSTNLQRGTQ,5.853887930290001
GEEELRTTNPIACEQWGLASSADFLMLM,5.75176789464
GEEELVCVNPVCTELWGDAAENLQRGNR,4.97956302419
GEEEVRAVNPVSTEGYGCVATNLQRLPQ,4.4599021325
GEEEVSPTNPQDTEQYGFFMEFEYPGQN,4.69133204078
GEEVIHVTNPVAHFPYGSRGFPFQRGTW,2.76256694555
GEEVIHVTNPVATFPYGSRGFPFQRGTW,4.615614407200001
GEEVLHVTMPFIHFPYGSRGFPFGIGTW,3.52542570522
GEEVLHVTMPFIHFPYGSRGFPFGILTW,5.215721724030001
GEEVLHVTNPFAHFPYGSRGFPFGRGTW,4.71851176547
GEEVLHVTNPFIHFPYGSRGFPFGIGTW,5.83141225624
GEEVLHVTNPFIHFPYGSRGFPFGRGTW,5.59853575522
GEEVLHVTNPVAHFPYGSRGFPFGRGTW,4.21236023574
GEEVLHVTNPVAHFPYGSRGFPFQRGTW,4.864685780109999
GEFEIGGTNPVCTEHYGLMADTIQHGMA,5.3613665942
GEFEIGGTNPVCTEHYGLMSDTIQHGMA,5.98189185649
GEFEIGGTNPVCTEHYGLMSDTLQHGMA,5.91084695295
GEFEIGGTNPVCTEHYGLMSDTLQRGMA,5.97575829422
GEFEIGGTNPVCTEHYGLVSDTLQRGMA,5.08449504043
GEFEIGGVNPVCTEHYGLMADTIQHGMA,5.329095957240001
GEFEVGGVNPVCTEHYGLMADTIQHGMA,5.79353041903
GEFEVSPTNPQDTEQYGFFMEFEYPLQN,4.71247676669
GEHEIRPTNPMATEQQGSISTNLTEPNW,5.05478373513
GEHEIRPTNPVATEQYGVIGTDIQEPLW,5.75677822395
GEHEIRPTNPVATEQYGVIGTDLQEPLW,5.10636954006
GEHEIRPTNPVGTEFYGVIGGDIQEPLW,5.16359440875
GEHEIRPTNPVGTEQYGVIGGDIQEPLW,6.02095452745
GEHEIRPTNPVGTEQYGVIGTDIQEPLW,5.50129946589
GEHEIRPTNSMATEQQGSISTNLTEPNW,5.03355347477
GEHEIRTTNPVATEQYGVIGTDLQEPLW,6.38005610349
GEHETLPTNPMGTEFYGVIGGDITEPLW,5.40572432444
GEHETLPTNPVGTEFYGVIGGDITEPLW,5.04696298394
GEHETLPTNSMGTEFYGVIGGDITEPLW,3.92536263707
GEHETLPTNSMGTGFYGVIGGDITEPLW,5.9125004718
GEHETLPTTSMALEQQGVIGGDLTEPNW,4.34319406657
GEHETLPTTSMALEQQGVIGTDLTEPNW,4.63265210016
GEHETRPTNPVGTEFYGVIGGDIQEPLW,4.77122025731
GEHETRPTNPVGTEFYGVIGGDITEPLW,5.1697228773
GEHETRPTNSMATEQQGSISTNLTEPNW,5.16498495829
GEHETRPTTSMALEQQGSIGTDLTEPNW,5.14701152455
GEHETRPTTSMALEQQGVIGTDLTEPNW,5.48522470303
GEHETRPTTSMATEQQGSIGTDLTEPNW,5.24397325444
GEHETRPTTSMATEQQGSISTDLTEPNW,4.16954036164
GEHETRPTTSMATEQQGSISTNLTEPNW,4.78283934057
GEHGTLPTNSMGLGFQGVIGGDITEPLW,4.98719783908
GEHGTLPTNSMGLGFYGVIGGDITEPLW,4.149303336059999
GEHGTLPTTSMALEQQGVIGGDLTEPNW,5.25594589611
GEHGTLPTTSMALGQQGVIGGDITEPNW,4.359943616640001
GEHGTLPTTSMALGQQGVIGGDLTEPNW,4.33719621663
GEHGTLPTTSMGLGFQGVIGGDITEPLW,4.69631544829
GEHGTLPTTSMGLGQQGVIGGDITEPLW,5.99083723217
GEHGTLPTTSMGLGQQGVIGGDITEPNW,4.405929821919999
GEIEIVATNPCSSECWGWTGNLLQHGGT,5.70770501051
GEIEIVATNPCSTECWGWTGNLLQHGGT,5.64286333114
GEIEIVATNPCSTECYGWTGNLLQHGGT,5.96018028844
GEIEIVATNPVSTECYGWTGNLLQHGGT,5.483044416919999
GEIEIVATNPVSTECYGWVGNLLQHGGT,5.96232317044
GEIEIVATNPVSTEQYGWVGNLLQHGGT,5.96408577914
GEIEIVATNPVSTEQYGWVSNLLQHGGT,4.76704736853
GEIEIVATNPVSTEQYGWVSTLLQHGGT,5.77723328494
GEIELVATNPCSSECWGWTGNLLQHGGT,5.03627383078
GEIEVVGVNPTASEVYGCCSDIVQHLVM,4.551401779630001
GEIEVVGVNPTSSEVFGCCSDIVQHLVM,5.11844237236
GEIEVVGVNPTSSEVYGCCSDIVQHLVM,5.81032007699
GELELRCVNPTCWELWGDAAEEPMFYLR,5.37633347491
GELELRCVNPTCWELYGDAAEEPMFYLR,5.101368859
GELELRCVNPTCWEQYGDAAEEPMFYLR,5.60386919953
GELELRTVNPTCWEQYGDAAEEPMFYLR,5.31145098691
GELELRTVNPTCWEQYGDVAEEPMFYLR,6.24605656894
GELELVCVNPTCTELWGDAAEELMFGLR,5.66082508434
GELELVCVNPTCTELWGDAAEELMFYLR,5.992030992809999
GELELVCVNPTCTELWGDAAEEPMFYLR,5.08191649633
GELELVCVNPTCTELWGDAAENLMFGLR,4.88626893023
GELELVCVNPTCTELWGDAAENLQFGLR,4.86484408318
GELELVCVNPTCTELWGDAAENLQFGNR,5.86351301616
GELELVCVNPTCTELWGDAAENLQRGNR,5.7861627584
GELELVCVNPTCWELWGDAAEEPMFYLR,4.68068479658
GELELVCVNPVCTELWGDAAENLQRGNR,5.72612494958
GENEISAVNPVASEIYGWVSDNLDEGEA,6.206071554
GENEISAVNPVASEQYGWVSDNLDEGEA,6.17152409715
GENEISAVNPVATEQYGWVSDNLDEGEA,6.15172542599
GENEISAVNPVATEQYGWVSDNLQEGEA,6.288533714190001
GESEIRCTNPVATETYGDASNILQRGNS,5.32093523626
GEVEICTTNPCASEVYGSVSANLQPGTY,6.11984509006
GEVEICTTNPCASEVYGSVSANLQRGTY,6.41944462839
GEVEIRQTNPVCTECWGLTSMTLQRGNR,4.81885608437
GEVEIRQTNPVCTECYGLTSMTLQRGNR,5.792435198680001
GEVEIRQVNPVATECYGLVATNLQRGMR,4.68511952005
GEVEIRQVNPVCTECYGLVAMTLQRGMR,6.0513281765
GEVEIRQVNPVCTECYGLVATNLQRGMR,3.0189066988100004
GEVEIRQVNPVCTECYGLVATTLQRGMR,3.35088845836
GEVELRQTNPVCTECWGLTSMTLQRGMR,5.9653256586
GEVELRQVNPVCTECWGLTAMTLQRGMR,4.81495152573
GEVELRQVNPVCTECWGLTSMTLQRGMR,4.68669739491
GEVELRQVNPVCTECWGLVAMTLQRGMR,5.17447640727
GEVELRQVNPVCTECYGLVAMTLQRGMR,6.01677095446
GEVEVCCTNCCASEVWGDVAADPNPGTY,5.76301436222
GEVEVCCTNCCASEVWGDVATDPNPGTY,5.350112607280001
GEVEVCCTNCCASEVYGDVATDPNPGTY,5.11415501395
GEVEVCCTNPCASEVYGDVATDPNPGTY,5.77441618634
GEVEVCCTNPCATEVYGDVATDPNPGTY,6.00825945461
GPVEICTTNCCASEVYGSVAANPQPGTY,6.15185505245
GPVEICTTNPCASEVYGSVAANLQPGTY,5.68875809711
GPVEICTTNPCASEVYGSVAANPQPGTY,5.19411953161
GPVEICTTNPCASEVYGSVSANLQPGTY,5.56749680986
GPVEVCCTNCCASEVWGDVAADPQPGTY,5.52848450691
GPVEVCCTNCCASEVWGSVAADPQPGTY,5.58387772434
GPVEVCTTNCCASEVWGSVAADPQPGTY,5.75735801209
GPVEVCTTNCCASEVYGSVAADPQPGTY,5.25614796839
GPVEVCTTNCCASEVYGSVAANPQPGTY,5.63072041918
GVEVLHVTMPFIHFPFGGRGFPFGILTW,5.37120844274
GVEVLHVTMPFIHFPYGGRGFPFGILTW,5.33550134939
GVEVLHVTMPFIHFPYGSRGFPFGILTW,6.01534887939
GVEVLHVTMTFIHFPFGGRGFPFGILTW,5.76328976453
GVEVLHVTMTFIHFPFWGRGFPFGILTW,5.519804934740001
GVEVLHVVMTFIHFPFWGRGFPFGILTW,5.98719783908
HAECIRPTNPFAGCHPWFWHEGPCNEED,4.028437336540001
HAECIRPTNPFAGCQPWFWHEGPCNEED,4.571533217409999
HAECISPTNCFAGCHPWFWHEGPCNEED,4.90966702727
HAECISPTNPFAGCHPWFWHEGPCNEED,5.06509633183
HAGCISPTNCFAGCHPWFWHEGPCNEED,4.36286110002
HAGCISPTNCFGGCHPWFWHEGPCNEED,4.6559919306
HAGCTSPTNCFGGCHPWFWHEGPCNEED,5.08125181305
HDAETACTNPIACQQFGTMSMDLQVPTF,4.65117491431
HDAETACVNPIACELFGTMSMDLQVPTF,5.37199572518
HDAETACVNPIACELFGTVSMDLQVPTF,6.04012996989
HDAETACVNPIACQLFGTMDMDLQVPTF,4.62179110752
HDAETACVNPIACQLFGTMSMDLQVPTF,6.2395033712300005
HDAETACVNPIACQQFGTMSMDLQVPTF,4.83464940636
HDEEIRCTNCDASEQYGVVATCPIRPNS,5.26078154213
HDEEIRCVNCDASEQYGVVATCPIRPNS,5.49729753533
HDEEIRGTNPIATEAGYHVSCTPQGGNH,5.94782360074
HDEEIRGTNPIATEAGYHVSCTPQGLNH,6.17162241022
HDEEIRTTNPIATEAGYHVSCTPQGGNH,6.19955810684
HDEEIRTTNPIATEAYYHVSCTPQGGNH,4.1620316409
HDEEIRTVNPIATEQYGTTGTELEREMI,4.97885853817
HDEEIRTVNPIATEQYGTTGTELETEMI,5.50326525859
HDEETACTNPIACQQFGTMSMDLQVPNF,5.26758581166
HDEETACTNPIACQQFGTMSMDLQVPTF,5.361765451559999
HDEETACTNPVACQQFGTMSMDLQVPNF,4.34155880516
HDEETACTNPVACQQYGTMSMDLQVPNF,4.46518459095
HDEETRCTNPVACQQYGTMSMDLQVPNF,5.48101245174
HDEETRCTNPVACQQYGTMSMDLQVPNR,5.09476197079
HDSEIMCVNCDASEQYGVVATCPIRPGS,5.0783007241
HDSEIRCVNCDASEQYGVVATCPIRPGS,5.29220944009
HDTEICTVNPIATEQYGTTGEEDETEMI,5.7618215593
HDTEICTVNPIATEQYGTTGTEDETEMI,5.81032007699
HDTEICTVNPVATEQYGTTGTEDETEMI,5.62623701256
HDTEIRTVNPIATEQYGTTGEEDETEMI,4.92579729441
HDTEIRTVNPIATEQYGTTGTELETEMI,5.723489119119999
HDTEIRTVNPVATEQYGTTGTEDETENI,4.21307924649
HDVEIKGTNPIAFAAGYHVPCTPQGLNH,4.21613904624
HDVEIKGTNPIAFAAGYHVPCTPVGLFH,4.94811567384
HDVEIKGTNPIAFAAGYHVPCTPVGLNH,5.25525906199
HDVEIKGVNPIAFAAGYHVPCTPVGLFH,4.81673681867
HDVEIRGTNPIAFAAGYHVPCTPQGLNH,5.49095471462
HDVEIRGTNPIAFAAGYHVSCTPQGLNH,4.45990342515
HDVEIRGTNPIAFEAGYHVSCTPQGLNH,5.39528257772
HDVIIKGVNPIAFAAGYHVPCTPVGLFH,4.864597137980001
HDVIIKGVNPICFAAGYHVPCTPVGLFH,5.252743464069999
HDVIQKGVNPICFAAGYHVPCTPVGLFH,4.6940670085
HEDEIYQTNPCSTEIFGLTGTTCQKEEM,5.28194110464
HEDEIYQTNPCSTEIYGLTGTTCQKEEM,4.22844355615
HEDEIYQTNPVSTEIYGLTGTTCQKEEM,5.73676347002
HEDEIYQTNPVSTEIYGLVGTTCQKEEM,4.55333369382
HEDELYQTNPCSTEIFGLTGSTCQKEEM,4.48285379857
HEDELYQTNPCSTEIFGLTGTTCQKEEM,4.15103019044
HEDEVRTVNPISSENYGAVGNGDQGEMF,5.11354357294
HEDEVRTVNPISSENYGAVGNGDQGGMF,5.18368839697
HEEEAETTNPVATRGYGSYPTNLQRGGM,5.36220844449
HEEEAETTNPVATRGYGSYPTYLQRGGM,5.65277880001
HEEEARTTNPVATRGYGSYPTNLQRGGM,5.31600294071
HEEEGEYKNPVQTNQYGSHSTNLQRGNR,5.37199572518
HEEEGEYKNPVQTNQYGSVSTNLQRGNR,4.05863297712
HEEEGEYKWPVQTNQWGSHSTNLQRGNR,3.83550840909
HEEEGEYKWPVQTNQYGSHSTNLQRGNR,4.645335816819999
HEEEIEYKNPVQTNQYGSVSTNLQRGNR,5.52310818756
HEEEIQTANPTATIQYGSVSTNLCIMET,3.5721603398
HEEEIQTTNPTATEQYGSVSTNLCIMET,3.72940008161
HEEEIRATNPCASEQYGAVGSNDQVEDC,4.51735240469
HEEEIRPTNPFATEQYGVVDNGELAGDE,5.33833228649
HEEEVRATNPCASEQYGAVGSNDQVEDC,4.64755163834
HEEEVRAVNPCASEQYGAVGSNDQVEDC,4.56122486212
HEEEVRTTNPIASENYGAVGNGDQGGMF,6.39632990629
HEEEVRTTNPISSENYGAVGNGDQGGMF,5.60127208804
HEEEVRTVNPISSENYGAVGNGDQGGMF,6.17856336479
HEENIRTTNPVLTEQQLSVWMNLCGGEM,3.714900511919999
HEENIRTTNPVLTEQQLSVWTNLCGGEM,5.00046409385
HEENIRTTNPVLTEQQLSVWTNLCGGNM,4.91382465275
HEENIRTTNPVLVEQQLSVWMNICGGEM,4.74825910886
HEENIRTTNPVLVEQQLSVWMNLCGGEM,5.40346578196
HEHEIRTTNPVADEQYGPVFTNCQRGKG,4.45965545419
HEHEIRTTNPVADEQYGPVFTNCQRGKR,4.5282049296
HEHEIVSTNPVASEVYGGVCIELNVGPS,6.4059795856
HEHEIVSTNPVASEVYGGVCTELNVGNS,4.98719783908
HEHEIVSTNPVASEVYGGVCTELNVGPS,6.13180075521
HEHEIVSTNPVASEVYGGVCTELQVGNS,6.01722032218
HEHEIVSTNPVASEVYGGVSTELQVGNS,5.71690913743
HEHEIVSTNPVASSVYGGVCIELNVGPR,5.07705845159
HEHEIVSTNPVASSVYGGVCIELNVGPS,5.28675812094
HEHEIYTTNPVADEQYGPVFTNCQRGKG,4.80899953224
HEHEIYTTNPVSDEQYGPVFTNCQRGKG,4.285793430140001
HELEIACTNPVATECYGDASEEIQTGMM,6.146565973269999
HELEIACTNPVATECYGDASTEIQTGMM,6.33124874486
HELEIACTNPVATSCYGDASEEIQTGMM,5.82867911636
HELELACTNPVATSCYGDAAEEIQTGMM,4.9409041868
HELELACTNPVATSCYGDASEEIQTGMM,5.21587652326
HELELACVNPVATSCYGDAAEEIQTGMM,5.79102873839
HELELACVNPVCTSCYGDAAEEIQTGMM,5.29363458588
HELELWGTNPVATEGYGTAAETIQRAQR,5.02889078738
HELELWGTNPVATEGYGTAAETLQRAQR,6.3499370008
HELELWGTNPVSTEGYGTAAETIQRAQR,4.79847846435
HELELWGVNPCSTEGYGTAAETIQHAQM,4.40100844345
HELELWGVNPCSTEGYGTAAETIQHAQR,5.75792887927
HELELWGVNPCSTEGYGTAAETIQRAQR,5.53447586411
HELELWGVNPVSTEGYGTAAETIQRAQR,5.57546043491
HELELWTTNPVATEGYGSAAENLQRANR,6.1364762951900005
HELELWTTNPVATEGYGTAAETLQRANR,4.75921573605
HELELWTTNPVATEGYGTAAETLQRAQR,5.76779546035
HEQEPLTTNRKATRQYGTVMTVLQRGNR,3.69972921493
HESEVEQTNPTACECYGVCSELLQHGQT,5.40033580544
HESEVEQTNPTACECYGVCSENLQHGQR,6.0892960267
HESEVEQTNPTACECYGVCSENLQHGQT,4.9905029838
HESEVEQTNPTSCECYGVCSELLQHGQT,5.74377922098
HESEVEQVNPTSCECWGVCAELIQHGQT,5.30521088396
HESEVEQVNPTSCECWGVCSELIQHGQT,3.58002245757
HESEVEQVNPTSCECYGVCSELIQHGQT,5.55495959905
HESEVEQVNPTSCECYGVCSELLQHGQT,5.2911591836
HESEVRAVNPCASEQYGAVGSNDQVEDC,4.267903271240001
HESEVRQTNPTACECYGVCSENLQHGQR,5.92306750166
HESEVRQTNPTACECYGVCSENLQRGQR,4.68234325755
HETEICSTNPVATEVYGNTAMLLQQGQI,5.880923735930001
HETEICSVNPVASEVYGNTAMLLQQGQI,4.603869199530001
HETEICSVNPVSSEVYGNTAMLLQQGQI,5.85868309856
HETELCSVNPVSSEVYGNTAMLLQQGQI,5.4606745637
HEYEINTTNPVATIQYGSCSTYDLRINI,6.3697474856100005
HIDNCCAFCFILVASQLTWWMCICGMEM,6.167770084719999
HIDNCCAFNFILVASQLTWWMCICGMEM,6.25202552674
HIDNCCATNPILVASQLTWWMCICGMEM,6.140536143209999
HIDNCRATNPILVASQLTWWMCICGMEM,6.15712284052
HIDNIRATNPILVASQLSVWMCICGGEM,5.10988035885
HIDNIRATNPILVASQLTVWMCICGGEM,5.86690360536
HIDNIRTTNPILVASQLSVWMCICGGEM,5.989522892019999
HIDNIRTTNPILVASQLSVWMNICGGEM,3.83429893993
HIDNIRTTNPVLVAQQLSVWMNICGGEM,4.93934266461
HIDNIRTTNPVLVASQLSVWMNICGGEM,4.72358275502
HIENIRTTNPVLVAQQLSVWMNICGGEM,4.22330609142
HIENIRTTNPVLVEQQLSVWMNICGGEM,4.475135885399999
IEDTCSTTFFPATIWIQSGVGLYCDSDP,4.887995784609999
IEDTCSTTFFPMTIWIQSGVGLYCDSDP,4.43547166783
IEDTCSTTNFPATIWIGSGVGLYCDSDP,3.3341710634099995
IEDTCSTTNFPATIWIGSGVTLYCDGDP,5.15103019044
IEDTCSTTNFPATIWIGSGVTLYCDSDP,4.239296767230001
IEDTCSTTNFPATIWIQSGVGLYCDSDP,5.53500734138
IEEEIRTTNVVADEHTTSVSTNLQRGNR,4.12156847334
IELEIRTTSCVAPFQYGSVSTNLQRGNR,5.08077195439
INDTCSATFFPMCIWIQVGVGLYCDSDP,6.32245626438
INDTCSTTFFPMCIWIQSGVGLYCDSDP,5.490100324569999
IWVWIRTTNPVATEMVGSGSTWLYRGCR,6.1856292682100005
KDCELLCVNPASDELWQECGCMCMLTKN,4.82359243409
KDCEVMCVNPCSTELYGWTFMNWCNGDD,4.66185238363
KDCEVRCVNPCSTELYGWTFMNWCNGDD,4.46636567578
KDCEVRCVNPCSTELYGWTFMNWCNGND,5.45631201111
KDDEIRTTNPVAVEMYGWMATELQGGDL,5.11844237236
KDEEIRCTNPCATELYGSVFMNWCNGND,4.122264083309999
KDEEIRTTNPCATELYGSVFMNWCNGND,5.273720597830001
KDEEIRTTNPVAVEMYGWMATELQGGDL,4.61046180908
KDEEIRTTNPVAVEMYGWMSTELQGGDL,5.28019344235
KDEEIRTTNPVAVEQYGWMSTELQGGDL,5.262832281690001
KDEEVRCTNPCATELYGSTFMNWCNGND,5.97732759505
KDEEVRCTNPCATELYGSVFMNWCNGND,4.9649678917
KDEEVRCTNPCSTELYGWTFMNWCNGND,5.47123143095
KDEEVRCVNPCSTELYGWTFMNWCNGND,4.00313149533
KDEQIRTTNLVATEESGSQSDNLQTGVR,4.44198151715
KDEQIRTTNLVATEESGSQSTNLQTGVR,3.62811674577
KDEQIRTTNPVATEESGSQSTNLQRGVR,3.53347987164
KDEQIRTTNPVATEESGSQSTNLQTGVR,6.19473230169
KECEILTTNPVATEQYGEVSCMCQLGKN,5.9300189995
KECEILTTNPVATEQYGEVSCMCQLTKN,5.72526430704
KECEILTTNPVATEQYGEVSTMCQLGKN,4.580022457569999
KECEIRCTNPVSTEQYGVVSNNLCTGNQ,5.05280665435
KECELLCTNPASDELWQECGCMCMLTKN,5.85668024414
KECELLCTNPASDELYQECGCMCMLTKN,5.39925147992
KECELLCVNPASDELWQECGCMCMLTKN,4.64568937522
KECELLTTNPASDELYQECGCMCMLTKN,5.92579729441
KECELLTTNPASDELYQECSCMCMLTKN,3.3207192358700004
KECELLTTNPASTELYQECSCMCMLTKN,5.37560021185
KECELLTTNPVATELYGECSCMCQLTKN,5.34083479369
KECELLTTNPVATEQYGECSCMCQLTKN,5.08144816487
KECELLTTNPVATEQYGEVSCMCQLTKN,6.11517465852
KECELLTTNPVSTELYGECSCMCQLTKN,3.340834793689999
KECELLTTNPVSTELYQECSCMCMLTKN,3.76246490252
KECELLTTNPVSTELYQECSCMCQLTKN,4.8621026191
KEEEFRTTTPIANEQYGSVSTCLQDGAW,4.20697904696
KEEEFRTTTPVANEQYGSVSTCLQDGAW,5.25337195244
KEEEFRTTTPVANEQYGSVSTCLQRGAW,3.9333309671000007
KEEEIATTNPVATEQYGDASEEEQHEEM,5.922867963380001
KEEEIRPFNPVAMEQYGSVSTGLEEGNM,4.76748297729
KEEEIRTTNPCATELYGSVFMNWCNGND,5.51075979514
KEEEIRTTNPDATQQYGDVFEPECNEEN,5.99418426939
KEESIRTTNPDATQQYGDVFEPECNEEN,2.455477359630001
KEEYIDTTGPSAMCCFGFCNEDDDTEEM,4.79526573127
KEEYIDTTGPSAMCCYGFCNEDDDTEEM,5.68294077052
KEEYIRTTGPSAMCCYGFCNEDDDTEEM,4.43154802441
KEEYIRTTGPSAMCCYGFVNEDDDTEEM,4.29431606679
KEEYIRTTGPSATCCYGFVNEDDDTEEM,4.0761315675
KEEYIRTTGPSATCCYGFVSEDDDTEEM,5.6664106656
KEEYIRTTNPSATCCYGFVSEDDDTEEM,5.67935939911
KEEYIRTTNPSATCQYGFVSEDDDTEEM,5.30688746177
KEEYIRTTNPSATEQYGFVSEDDDTEEM,3.29576528342
KEEYIRTTNPSATEQYGSVSEDDDTEEM,4.65626549869
KEHEIATTNPCCTEQYGDADEDECHEDQ,5.00662836903
KEHEIATTNPVCTEQYGDADEDECHEDQ,5.30977486177
KEIEIKQTNPVSTEMFGGFSEQVQYGTL,4.39251082847
KEIEIKQTNPVSTEMFGGVSEQVQRGTL,5.00741105997
KEIEIKQTNPVSTEMFGGVSEQVQYGTL,4.64286333114
KENEIRPFNPNAMEQYGSVSTGLEEGNM,4.096052588180001
KENEIRPFNPNAMEQYGSVSYGLEEGNM,4.035026364169999
KENEIRPFNPVAMEQYGSVSTGLEEGNM,5.2181443863
KENEIRTTNPVATEQYGDMSELLQNEEL,5.565901349330001
KENEIRTVNPVATEEYGDMAELVQNEEL,6.14735506427
KENEIRTVNPVATEQYGDMAELLQNEEL,4.250232244909999
KENEIRTVNPVATEQYGDMSELLQNEEL,3.6829407705199992
KEVAIRTTNPVANEQYQSLSTDLDRTNR,6.32209823111
KEVAIRTTNPVATEQYQSLSTDLQRTNR,6.27959716417
KEVEIASTNPCGTETYGIIPMEEEHFLG,6.25402996616
KEVEIASTNPVGTETYGIIPMEEEHFLG,6.13572036379
KEVEIICCNCTCTECFGEVDNDVDNGTA,4.64451118402
KEVEIICCNCTCTECFQEVDNDVDNGTA,5.46636567578
KEVEIICCNCTCTMCFQELDNDVDNGTA,3.62811674577
KEVEIICCNCTCTMCFQEVDNDVDNGTA,5.49953253971
KEVEQYCTNPTVVYIFGVANEISCGEGM,5.35425530946
KEVEQYCTNPTVVYIFGVVNEISCGEGM,4.86690360536
KEVEQYCTNPTVVYIFGVVNEISCGGGM,3.31768005985
KEVEQYCTNPTVVYIFQVANEISCGEGM,6.006415754619999
KEVEQYTTNPTVVEIFGVVNEISCGGGM,4.570593044650001
KEVEQYTTNPTVVEIFGVVNEISQGGGM,4.78283934057
KEVEQYTTNPTVVEIFGVVNENSQGGGM,4.28194110464
KIEEFRTTTPIANEQYGSVSTCLQDGAW,4.69313653762
KMIEIKQTNPVSTEMFGGFNEQVQYGTL,3.956170943459999
KMIEIKQTNPVSTMMFGGFNEQVQYGTL,4.99864785982
KMILIKQNNPVSTMMFGGFNEQVQYGTL,3.831279695630001
KMILIKQNNPVSTMMFKGFNEQVQYGTL,3.60729176396
KMILIKQNNPVSTMMFKGFNEQVQYGTR,3.36101267563
KMILIKQTNPVATMMFKGFNEQVQYGTR,4.489446408119999
KMILIKQTNPVATMMFKGFNTNVQYGNR,3.59787045891
KMILIKQTNPVATMMFKGFNTNVQYGTR,5.95381167058
KMILIKQTNPVATMMFKSFNTNVQRGNR,4.247725389299999
KMILIKQTNPVATMMFKSFNTNVQYGNR,4.253371952439999
KMILIKQTNPVSTMMFGGFNEQVQYGTL,5.33550134939
KMILIKQTNPVSTMMFKGFNEQVQYGTR,3.16498495829
KPEMIRTRNFDAFASCFDWFEDDCHFLC,4.61500975713
KPEMIRTRNFDCFASCFDWFEDDCHFLC,5.87612168432
KPEMIRTTNFDAFASCFDWFEDDCHFLC,4.57836096591
KPESIRTTNPDATQCYGDVFEPECNEEN,5.30760917016
KPESIRTTNPDATQQYGDVFEPECNEEN,4.55301153689
KPESIRTTNPDAVQCYGDVFEPECNEEN,4.83354800059
KPEYIRTTGPDATQCYGDVFEPPDNEEN,4.06781629929
KPEYIRTTNPDATQCYGDVFEPPDNEEN,5.47905093541
KPEYIRTTNPDATQQYGDVFEPPDNEEN,4.91382465275
KPNIIRATNPMATLCYGSVWHSGDEGIL,4.048598383740001
KPNIIRATNPMAYLCYGSVWHSGDEGIL,5.59929646974
KPVAIICCNCTCNMCFQELDNDVDNTTA,4.673410132780001
KPVAIICCNCTCNMCFQELDNDVDNTTR,4.53347987164
KPVAIICCNPTCNMCFQELDNDVDNTTR,4.608686215820001
KPVAIICTNPTCNECYQELDNDVDNTTR,5.26868500794
KPVAIICTNPTCNECYQSLDNDVDNTNR,3.29574690416
KPVAIICTNPTCNECYQSLDNDVDNTTR,3.05543257483
KPVAIICTNPTCNECYQSLDTDVDNTNR,3.81587960234
KPVAIICTNPTCNMCFQELDNDVDNTTR,5.78671244877
KPVAIICTNPTCNMCYQELDNDVDNTTR,5.50077570656
KPVAIICTNPVANEQYQSLDTDVDNTNR,5.68802964719
KPVAIICTNPVCNECYQSLDTDVDNTNR,4.41932032173
KPVAIICTNPVCNEQYQSLDTDVDNTNR,5.28329706583
KPVAIRCTNPVANEQYQSLDTDVDNTNR,4.64006827116
KPVAIRTTNPVANEQYQSLDTDLDNTNR,4.55191711989
KPVAIRTTNPVANEQYQSLDTDLDRTNR,4.68294077052
KPVAIRTTNPVANEQYQSLDTDVDNTNR,3.73315221647
KPVAIRTTNPVANEQYQSLSTDLDRTNR,6.02694401787
KPVEIICCNCTCNMCFQELDNDVDNGTA,2.25337195244
KPVEIICCNCTCNMCFQELDNDVDNTTA,0.0
KPVEIICCNCTCTMCFQELDNDVDNGTA,3.5682452898
KTEEGRTTNPSANHIYGSVSTNLQRGNR,4.294234380830001
KTKEGRTTNPSANHIYGSVSTNEQRGNR,3.3209352362599995
KTKEGRTTNPSANHIYGSVSTNLQRGNR,4.92579729441
KTKEGRTTNPSTNHIYGSVSTNEQRGNR,3.888707975680001
KTNEIRPFNPNAMEQYGSVSYGLEEGNM,2.6104618090800003
KTNEIRPFNPNAMESYGSVSYGDEEGNM,4.0050352058
KTNEIRPFNPNAMESYGSVSYGLEEGNM,4.455477359630001
KTNVIRPFNGNAMESCGCVFYGDEEHNM,4.59950400697
KTNVIRPFNGNAMESYGCVFYGDEEGNM,4.803106887019999
KTNVIRPFNGNAMESYGCVFYGDEEHNM,3.25904070253
KTNVIRPFNGNAMESYGCVSYGDEEGNM,3.5164063582800003
KTNVIRPFNGNAMQSCGCVFYGDEEHDM,3.48839198211
KTNVIRPFNGNAMQSCGCVFYGDEEHNM,4.64781254711
KTNVIRPFNGNAMQSCGCWFYGDEEHDM,5.97160098403
KTNVIRPFNGNCMQSCGCWFYGDEEHDM,3.43038637867
LEEEIRTTAPFATGQYGSVSTFLLRHNS,5.42329695389
LEEESNTNNGVGTEQEGRVSLLLQRGNR,5.18883170025
LEEESRTNNGVGTEQEGRVSLLLQRGNR,4.38147677819
LEEESRTNNPVGTEQEGRVSLLLQRGNR,4.81537330472
LEEESRTNNPVGTEQEGRVSLNLQRGNR,3.49953253971
LHEEIRTPNPHQWEQNVSYSHNLQRGNR,2.774586509360001
LHEEIRTPNPHQWEQYVSVSHNLQRGNR,2.55626451469
LHEEIRTPNPHQWEQYVSYSHNLQRGNR,3.45764845868
LHEEIRTTNPHQWEQYVSVSHNLQRGNR,4.462727098709999
LKEEIRTKAPFATGQYGSVSTFLLRHNS,3.1379740376199994
LKEEIRTTAPFATGQYGSVSTFLLRHNS,3.8043955829900007
MDEEIETTNPVATEQYGSVCDCLHYGIT,6.21508493991
MDFEIEAVNPVAGELFGGGCDCCHYGIT,4.524348859880001
MDFEIEAVNPVAGELFGGGCDCLHYGIT,5.55346424609
MDFEIEAVNPVAGWLFGGGCDCCHYGIT,5.807741532890001
MDFEIEAVNPVGGWLFGGGCDCCHYEIT,4.86370117332
MDFEIEAVNPVGGWLFGGGCDCCHYGIT,5.47648989305
MDFEIEAVNPVGGWLFQGGCDCCHYEIT,6.084495040429999
MDFEIETTNPVATELYGSVCDCLHYGIT,5.863061539069999
MDFEIETTNPVATEQYGSVCDCLHYGIT,6.10796146855
MDFEIETVNPVAGELFGGGCDCLHYGIT,4.75587229297
MDFEIETVNPVAGELFGGVCDCLHYGIT,5.0825227981
MDFEIETVNPVAGELYGGVCDCLHYGIT,4.677869780969999
MDFEIETVNPVATELYGGVCDCLHYGIT,4.91297325406
MDFEVEAVNPCGGWLFQGGCDCCHYEIT,4.61459560612
MDFEVEAVNPVGGWLFQGGCDCCHYEIT,5.419059961
MDLEIRAVNCVCSEGWGIADMAGEVLDL,6.188831700250001
MEEEIATTNPVATEQYGDASEEEQHEEM,5.4264435092
MEEEIRSTNPEATEQYGAVSENGIQGNF,5.51092613553
MEEEIRTTNPVATEQFGIVSETLDFFMS,6.40995915435
MEFDICGTNKVATSQNPSVSTNLQAGNR,5.32093523626
MEFDICGTNKVATSQYPSVSTNLQAGNR,5.75248081395
MEFDICGTNPVATSQYPSVSTNLQAGNR,4.5062584029
MEFEIAACNPVATEMFGTMSDAEEIETK,4.41858995121
MEFEIAACNPVATEMYGTMSDAEEIETK,5.410299613359999
MEFEIAACNPVATEMYGTMSDAEEIGTK,6.24272470824
MEFEIAACNPVGHEMFGTMSDAEEIETK,5.90195055246
MEFEIAACNPVGHEMFGTMSDAEEIETR,5.40794898955
MEFEIAACNPVGTEMFGTMSDAEEIETK,4.64726179504
MEFEIATCNPVATEMYGSMSDNLERGNK,6.33143609569
MEFEIATCNPVATEMYGTMSDNEEIGNK,4.95004484066
MEFEIATCNPVATEMYGTMSDNEEIGTK,5.690580832719999
MEFEIATCNPVATEMYGTMSDNEERGNK,4.603869199530001
MEFEIATCNPVATEMYGTMSDNLERGNK,5.766598699569999
MEGEIACTNPEATENYGQVDMGWYWGED,4.94910466791
MEGEIACTNPEATEQYGQVDMGWYWGND,5.957506154140001
MEGEIACTNPEATEQYGQVDTGWYWGND,5.14576297836
MEGEIACTNPESTENYGQVDMGWYWGED,5.71634392879
MEGEIRCTNPEATEQYGQVDTGWYWGND,6.17252988792
MEIEIYSTNPVSTENYGSCSCLLQHGNR,5.707226584030001
MELEIRATNPVATEGYGIADTAGEVLDL,5.143189034690001
MELEIRATNPVCTEGYGIADTAGEVLDL,5.6114369325
MELEIRAVNPVCTEGWGIADMAGEVLDL,5.96056271258
MELEIRAVNPVCTEGWGIADTAGEVLDL,5.992911490269999
MELEIRAVNPVCTEGYGIADTAGEVLDL,5.00472776364
MENEIAQVNPVATENYGQASSPQELGTD,4.97487323529
MENEIAQVNPVATENYGQASTPQELGND,5.6469876851
MENEIAQVNPVMTENYGQASSPQELGTD,5.262832281690001
MENEIATVNPVATEVFGIASETPDFFMS,5.8466785773
MENEIATVNPVATEVFGIVSETPDFFMS,6.12206268804
MEVEISSTNPEATENYGAVAECGIQGEF,5.47554510255
MEVEISSTNPEATEQYGAVAECGIQGEF,6.14634836893
MEVEISSTNPEATEQYGAVAECGIQGNF,5.97078474919
MEVEISSTNPEATEQYGAVSECGIQGNF,6.35156120029
MEVEISSTNPEATEQYGAVSENGIQGNF,6.048479814189999
MHFEIAACNPVGHEMFGTMSDAEEIETK,6.32187663599
NDEEIGQTNPAATEIYGSTSENLQRGNM,5.78586703327
NDEEIGQTNPAATEIYGTTSENLQRGNM,4.94191695978
NDEEIGQTNPAATEIYGTTSENVQRGGM,5.435050135309999
NDEEIGQTNPAATEIYGTTSENVQRGNM,5.25486157058
NDEEIGQTNPAATEIYGTTSENVQRQGM,5.252743464069999
NDGELECTNPCASESWGTVAMNLQRGMM,5.758418975080001
NDIEIGQTNPAATEIYGTTGENVQHQGM,5.92135138938
NDIEIGQTNPAATEIYGTTSENVQHQGM,6.34555720394
NDIEIGQTNPAATEIYGTTSENVQRQGM,4.95510998047
NDIEIGQTNPASSEIWGTTGENVQHQGM,5.47262466625
NDIEIGQTNPASTEIWGTTGENVQHQGM,3.75053884867
NDIEIGQTNPASTEIYGTTGENVQHQGM,5.87461857049
NDIEIGQVNPASSEIWGTTGELVQHQGM,5.5516729884
NDIEIGQVNPASSEIWGTTGENVQHQGM,3.74699414163
NDIEVGQVNPASSEIWGTTGELVQHQGM,5.24095443132
NDMEIRTTNPVATENFGSNSVNLQRGNE,6.0607268745
NDSEVRAVNPVATEIYGVVSTNLQRLNR,6.08273027564
NEDEVATVNPVSSETYGIVGTNLQRLTR,5.53951878812
NEEECMGTNPVCTEGYGWVDMDECALNR,3.68421130784
NEEECMSVNPVASEVYGCADMDWQQGNS,3.31033808451
NEEECRGTNPVCTEGYGWVDMDECALNR,4.66109406822
NEEECRSTNPVASEVYGCADMDWQQGNS,5.49352309021
NEEECRSVNPVASEVYGCADMDWQQGNS,4.56694263053
NEEECRTTNPVCTEGYGWVDMDECALNR,4.479281563659999
NEEEDRTENPVATKDYQSVSTNLDATAR,4.0234939683
NEEEDRTENPVATKDYQSVSTNLDATNR,3.29482239594
NEEEDRTENPVATKDYQSVSTNLQATNR,4.71490051192
NEEEDRTENPVATKQYQSVSTNLQATNR,3.0719679425600006
NEEEIITTIPVMTEQGGSVSTNLDRGNW,5.28948791369
NEEEIRSTNPVASEVYGCADMDWQQGNS,5.44127469481
NEEEIRTTNPTATFFYGSVSSDLQRPLR,6.42937146829
NEEEIRTTNPVASEVYGCADMDWQQGNS,5.02247331383
NEEEIRTTNPVCTEGYGWVDMDECALNR,4.86690360536
NEEEIRTTNPVCTEQYGSVDTDECALNR,5.577873990990001
NEEEIRTTNPVCTEQYGWVDMDECALNR,3.69313653762
NEEEIRTTNPVCTEQYGWVDTDECALNR,4.373256271390001
NEEEIRTTNPVWTEQMISVSTALQNYNR,5.80241487891
NEEEISCVNPCSTEQYGSVSDEDQRGNT,5.93921781018
NEEEISCVNPCSTETYGSVDDEDQRGNT,5.766598699569999
NEEEISCVNPCSTETYGTADDEDQRGNT,5.63822070432
NEEELRAVNPVASEQYGGVGMNLQRGNQ,6.039801923120001
NEEELRAVNPVASEVYGGVGMNLQRGNQ,5.64286333114
NEEEVKSTNPTATFFWGSTASDWQRPLR,4.40223533836
NEEEVRSTNPTATFFWGSTASDWQRPLR,5.79334699839
NEEEVRSTNPTATFFWGSVASDWQRPLR,6.071648160880001
NEEEVRTTNPTATFFYGSVASDLQRPLR,5.47262466625
NEEEVRTTNPTATFFYGSVSSDLQRPLR,4.959585607869999
NEGEICGTNPVATEWYGDASTLWQRGNS,5.966439278909999
NEGEICGTNPVSTEWYGDASELWQHGNS,6.02736827755
NEGEICGTNPVSTEWYGDASTLWQHGNS,6.05613449424
NEGEICGTNPVSTEWYGDASTLWQRGNS,5.12188145632
NEGEICGTNSVSTEWYGDASELWQHFQS,5.50545428432
NEGEICGTNSVSTEWYGDASELWQHGNS,5.76704736853
NEGEICGTNSVSTEWYGDASELWQHGQS,5.39432620046
NEGEICGVNSVSTEWYGDAAELWQHFQS,4.67155600704
NEGEICGVNSVSTEWYGDASELWQHFQS,5.79607112126
NEGELECTNPCASESWGTVAMNLQRGMM,6.06312138964
NEGEVCGVNSVSTEWYGDAAELWQHFQS,4.7684999013
NEHEISTTNPCGTEVYGVADSEDCHGNS,4.17984291702
NEHEISTTNPCGTEVYGVVDSEDCHGNS,5.09982669419
NEHEISTTNPVGTEQYGVVDSEDCHGNS,5.124701362830001
NEHEISTTNPVGTEVYGVVDSEDCHGNS,5.26908595196
NEHETRTTNPVCHEQYGAVSEDDCHGNR,5.301306429509999
NEHETRTTNPVCHEQYGAVSEDDCHGNS,5.99618662231
NEHETRTTNPVCHEQYGSVSEDDCHGNR,4.78283934057
NEHETRTTNPVCHEQYGSVSEDLCHGNR,4.74076983142
NEHETRTTNPVCHEQYGSVSTDLCHGNR,5.45392857254
NEHETRTTNPVCHIQYGAVSEDDCHGNS,3.89604995102
NEHETRTTNPVCTEQYGAVSEDDCHGNS,5.54266904309
NEIEIVCTNPCSSEMYGNCGMLVQHLPT,4.68294077052
NEIEIVCTNPCSTEMYGNCGMLVQHLPT,6.40384459122
NEIEIVCTNPCSTEMYGNCGMLVQRLNT,4.773794200969999
NEIEIVCTNPCSTEMYGNCGMLVQRLPT,4.76480541774
NEIEIVTTNPCSTEMYGNCGTLVQRLNT,4.101368859
NEIEIVTTNPVATEMYGNCSTLVQRLNR,4.411770700499999
NELEISTVNFTATEVCGTIADEDYGEAN,3.79625321598
NELEISTVNFTCTEVCGTIADEDYGEAN,3.524348859880001
NELEISTVNPTATEVCGSIADEDYGEAN,5.646573650480001
NELEISTVNPTATEVCGSISDEDYGEAN,3.92079661336
NELEISTVNPTATEVCGSISDEDYGGAN,4.40361023864
NELEISTVNPTATEVCGTIADEDYGEAN,4.44610683679
NENCCVGVNCFCSECYGYFSTGLCVLLQ,3.76122552747
NENECVGVNCFCSECYGYFSTGLCVLLQ,4.86114433607
NENECVGVNCFCSECYGYVSTGLCVLLQ,3.4718408058400003
NENEIRCTNPCATEQYGTADDEDCNGNT,5.4773367936
NENEIRCTNPCSTEQYGTADDEDCNGNT,4.17984291702
NENEIRCVNPCSTEQYGTADDEDCNGNT,4.88870797568
NENEISCVNPCSTEQYGTADDEDCNGNT,4.153207790519999
NENEISCVNPCSTETYGTADDEDCNGNT,5.62390695276
NENEISCVNPCSTETYGTADDEDQNGNT,5.06781629929
NENEISCVNPCSTETYGTADDEDQRGNT,5.11272872116
NENEIVGVNCFCSECYGYVSTGLCVLLQ,3.8214606346
NENEIVGVNCFCSECYGYVSTGLQVLLQ,3.53492917791
NENEIVSTNPCATEIYGDAPTGGLPPTD,5.12196974585
NENEIVTTNPCATEIYGDAPTGLLPPTD,5.326335224
NEQEITTTNPVCTEQYGDVDEDDQHGNA,5.262832281690001
NEQEITTTNPVCTEQYGDVDTDDQHGNA,4.77122025731
NESECMSVNPVASEVYGCADMDWQQGNS,4.030402337640001
NESEIRTTNPVWTEQMISVSTALQNYNR,3.27554333344
NESVCRTTNPVWTEQMISVSTALQNYNR,4.543327657590001
NESVIRTTNPVWTEQMISVSTALQNYNR,6.42983979975
NEVEITCTNPCCTEVYGAVDDAEEVGNT,6.39904940764
NEVEITCTNPVCTEVYGAADMEWCTGNG,5.86457912018
NLNCCVGTNCFATEQYGYFFTGLCVGLQ,5.85868309856
NLNCCVGTNPFATEQYGYFFTGLCVGLQ,5.598383660440001
NLNCCVGVNCFATEQYGYFFTGLCVLLQ,5.89408843469
NLNCCVGVNCFCSECYGYFFTGLCVLLQ,5.887995784609999
NLNCCVGVNCFCSECYGYFSTGLCVLLQ,4.29159127467
NLNCCVGVNCFCTEQYGYFFTGLCVLLQ,5.93357464501
NPECIRTTNFDCWAICGSVDYGDCPGLD,4.89098252382
NPECIRTTNFDCWAICGSWDYGDCPGLD,4.78074696161
NPECIRTTNFDCWAQCGSVDYGDCPGLD,4.75587229297
NPECIRTTNPDAWAQCGSVDTGDCPGLD,5.18228885438
NPECIRTTNPDCWAQCGSVDTGDCPGLD,5.31436258233
NPEEIRPTNPGAIQLYWFVWYEECAFQQ,6.1026750565
NPEEIRPTNPGATQLYWFVWYEECAFQQ,5.75206067902
NPEEIRPTNPGATQQYWFVWYEECAFQQ,5.37560021185
NPEEIRTTNFDAFAQCFDWFEGDCHEQC,5.59665600955
NPEEIRTTNPGATQQYWFVWYEECAFQQ,5.292336276
NPEMIRTRNFDAFASCFDWFEDDCHFLC,4.52145680302
NPEMIRTRNFDCFASCFDWFEDDCHFLC,4.45006386345
NPEMIRTTNFDAFAQCFDWFEDDCHFLC,3.957754701719999
NPEMIRTTNFDAFASCFDWFEDDCHFLC,4.08449504043
NPEMIRTTNPDAWAQCGSVDSGDCPGLD,3.79847846435
NPEMIRTTNPDCWALCGSVDSGDCPGLD,5.51075979514
NPETIQTRNFDCFAQCFDWFEGDCHEQC,3.2943160667900004
NPETIRTRNFDAFAQCFDWFEGDCHEQC,4.35533183362
NPETIRTRNFDCFAQCFDWFEGDCHEQC,3.0678162992899987
NPETIRTTNFDAFAQCFDWFEGDCHEQC,4.94597517635
NTEQIRTTNPEATETELSVQGAYVGDNP,4.40706849209
NTEQIRTTNPEATETELSVQGAYVGGNP,5.13323937428
NTEQIRTTNPEATETELSVQGNYVGGNP,4.6982615698
NTEQIRTTNPEATETYGSVQGNLQGGNP,5.05543257483
NTEQIRTTNPEATETYLSVQGNLQGGNP,5.21307924649
NTEQIRTTNPEATETYLSVQGNLVGGNP,1.97937833462
NTEQIRTTNPEATETYLSVQGNYVGGNP,2.46478435388
NTEQIRTTNPEATSTELSVQGAYVGDFP,4.30390822469
NTEQIRTTNPEATSTELSVQGAYVGDNP,3.77830968209
NTEQIRTTNPEATSTELSWQGAYVGDFP,5.722263900330001
NTEQIRTTNPEDTSTELSWQGAYVGDFP,3.0528066543499994
NTEQIRTTNPEDWSTELSWQGAYVGDFP,5.220082634230001
PAECIRPTNPFAYAQYWSWDHGDDPGLD,4.87075593086
PAECIRPTNPFAYAQYWVWDHGDDPGLD,5.69867472117
PAECIRPTNPFAYQQYWSWEHGDDPGED,5.59848600283
PAECIRPTNPFAYQQYWVWEHGDDPGED,5.35862410714
PDENIRNTNPVATEQYISVVKQLLRGGR,5.177486726650001
PEESIHATNPTATHFFQSKFVTLDDPLH,5.22800229753
PEESIHATNPTATHFYQSKFVTLDDPLH,4.76779546035
PEESIHATNPTATHFYQSKFVTLDDPNH,4.87134951039
PEESIRATNPTATHFYQSKFVNLDDGNH,5.301306429509999
PEESIRATNPTATHFYQSKFVNLDDPNH,6.13572036379
PEESIRATNPTATHFYQSKFVTLDDPNH,4.358742716469999
PEESIRATNPTATHFYQSKSVNLDDGNH,5.433400912430001
PEESIRATNPTATHFYQSKSVNLDRGNH,5.54497551047
PEESIRATNPTATHFYQSVSTNLDRGNH,5.70340487308
PEESIRATNPTATHFYQSVSVNLDRGNH,5.40346578196
PGESIHATNPTATHFFQSKFVTLDDPLH,4.91382465275
PGESIHATNPTVMHFFQSKFVTLDDPLH,5.21920534929
PGESIHATNPTVMHFFQSKFVTPDDPLH,2.002965154939999
PGESIHATNPTVTHFFQSKFVTLDDPLH,5.17447640727
PGESIHAVNPTVMHFFQSKFVTPDDPLH,4.59189655786
PGWSIHAVNPTVMHFFQSKFVTPDDPLH,3.454342607159999
PGWSTHAVNGTVMHFFQAKFVTPDDPLH,4.15735346878
PGWSTHAVNPTVMHFFQAKFVTPDDPLH,4.40223533836
PGWSTHAVNPTVMHFFQSKFVTPDDPLH,4.11844237236
PNRWILGCNCITHMFWWHWHSCEYYLGW,6.041990311919999
PNSHIAPVNTIEFLIGWWVEMPAHPYTA,3.94851737091
PNSHIAPVNTIEFLIGWWWEMPAHPYTA,3.652778800009999
PNSHMAPVNTIEFLIGWWWEMPAHPYTA,5.446629457719999
PQEENRWTNPVATEQYMSVFTNLQRGNR,5.23391958978
PQEQIRCTNPVATEQYGSVSHHELQGNT,5.86068954676
PQEQIRTTNPVATEQYGSVSHHELQGNT,5.60805699649
PSERTRQTNYICCWQYTHCYHGDYWGDS,3.9685017453699993
PSERTRQTNYICCWQYTHCYTGDYWGDS,4.132248171880001
PSERTRQTNYICCWVYTHCYHGDYWGDS,5.3305297853
PSERTRQTNYICCWVYTHCYHGDYWPDS,4.611286671089999
PSERTRQTNYICTWQYTHCYTGDYWGDS,4.46406655969
QDHEISQVNPISTELYGWTSNNDQNGEG,5.25431799885
QDHEISQVNPVSTELYGWTSNNDQNGEG,5.32523793864
QDQEIACVNPVSTEIYGEASEVLQHGML,5.873958362890001
QDQEIATVNPVSTEIYGEASEVLQHGML,6.01367005044
QDQEIATVNPVSTEIYGSASEVLQHGML,5.08449504043
QDQEIATVNPVSTEIYGSASEVLQHGMR,5.522075108359999
QEAEIAQTNPVSTEMYGWASDVLQRGGR,5.27479251633
QEAEIAQTNPVSTEMYGWASDVLQRGNR,5.54007248119
QECECVCTNFCATYHYGFVSEVDYGFGN,3.78264278446
QECECVCTNFCCTYHYGFADEVDYGFGN,4.82942889994
QECECVCTNFCCTYHYGFVDEVDYGFGN,4.95510998047
QECECVCTNFCCVYHYGFADEVDYGFGN,5.36004539766
QECECVTTNFCATYHYGFVSEVDYGFGN,5.48469749855
QECECVTTNPCATYHYGFVSEVDYGFGN,4.72940008161
QECECVTTNPCATYHYGFVSEVDYGGGN,5.90342948139
QECECVTTNPVATYHYGFVSEVDYGGGN,5.82204936958
QECEIRTTNPVATYHYGFVSEVDYGGNN,5.69535070667
QECEIRTTNPVATYHYGFVSEVLYGGNN,6.00296515494
QECEIRTTNPVATYQYGFVSEVLYGGNN,5.857317556530001
QECEIVTTNPVATYHYGFVSEVDYGGGN,6.0936744672100005
QEDEIAQTNPVSTEGYGEAPEVCQHEEK,5.88217036201
QEDEIAQVNPVSTEGYGEAPEVCMHEEK,4.79776390513
QEDEIAQVNPVSTEGYGEAPEVCQHEEK,4.96159801584
QEDEIATTNPCCTEVYGCADDEDCTGNC,5.88887072542
QEDEICQTNPEATETFGDVSVNPQTGLE,4.444670604680001
QEDEICQTNPEATETFGDVSVNPQTGNE,5.53500734138
QEDEICQTNPEATETYGDVSVNPQTGNE,6.08840160941
QEDEIVQTNPVATEGYGEAPEVCQHEEK,5.88849875299
QEDEIVQTNPVATEQYGEAPEVCQHEEK,6.0539277166800005
QEDEIVQTNPVSTEGYGEAPEVCQHEEK,3.89831655799
QEDEIVQVNPVSDEGYGEAPEVCQHEEK,0.0
QEDEIVQVNPVSTEGYGEAPEVCQHEEK,4.48174870848
QEEEIAATNPTATEQFGEVPELECQEDF,4.73497495208
QEEEIAATNPTATETFGEVPELECQEDF,4.43103260266
QEEEIAATNPVSTETGGVVSNALQQETY,5.83914291216
QEEEIAATNPVSTETGGVVSTALQQETY,5.96886601631
QEEEIAQTNCEASEQYGVVGTDWLPGMD,5.74439328453
QEEEIAQTNCEATEQYGVVGTDWLPGMD,5.17164967556
QEEEIAQTNCVATEQYGVVGTNWLPGMD,6.31856562985
QEEEIAQVNPVATEIYGEAGEVIQHGLL,5.31811471719
QEEEIAQVNPVATEIYGEAGEVIQHGNL,4.992911490269999
QEEEIAQVNPVATEIYGEAGEVIQHGNR,5.66332089902
QEEEIAQVNPVATEIYGEAGEVLQHGNR,5.198169564830001
QEEEIAQVNPVSTEVYGEASEVLQRGGR,5.32588445223
QEEEICQTNPEATETYGDVSVNPQTGNE,6.28398893329
QEEEICTTNPESTEQYGCVSVALQLGPH,5.85675564998
QEEEINQTNPVATEQYGGASEVLQHGGR,5.75998840144
QEEEIRTTNPEATQQYGDVSTEDFDEES,5.8621026191
QEEEIRTTNPEATQQYGDVSTEDQDGES,5.81320082058
QEEEIRTTNPEATQQYWDVSTEDFDEES,6.06781629929
QEEEIVQTNPVATEQYGEAPEVCQHEEK,6.095722295859999
QEEEIVQTNPVSTDCFGVAIESGCCPEI,4.522075108359999
QEEEIVQTNPVSTECFGVAIESGCCPEI,4.74256534509
QEEEIVQTNPVSTECFGVAITSGCCPEI,5.64286333114
QEEEIVQTNPVSTECFGVVITSGCCPEI,6.1924429538000005
QEEELAATNPTATETFGEVPELECQEDF,3.72664158165
QEEEVAAVNPCASEQFGCTSANWERGNR,4.035026364169999
QEEEVAAVNPCASEQFGCTSTNWERGNR,4.14152598547
QEEEVRATNPCATEQFGCTSANLEIGNR,5.86278749689
QEEEVRAVNPCASEQFGCTSANLEIGNP,5.83667140394
QEEEVRAVNPCASEQFGCTSANLEIGNR,6.25862003041
QEEIIRCCNPVMTEMYGTMDEVEQQGPE,4.0595486833
QEEIIVCCNPTMTEMYGTMDEVEQQGPE,4.52776622044
QEEIIVCCNPTMTMMYGTMDEVEQQGPE,4.367001455669999
QEFEINATNPVCCEMYGDAPDFIQHMNV,6.02786920367
QEFEINATNPVCCEMYGDAPDFIQHMPV,5.88966350836
QEFEINATNPVCTEMYGDAPDFIQHMNV,5.89722814222
QEFEINAVNPVCCEMYGDAPDFIQHMPV,5.241892944
QEFEVNAVNPVCCEMYGDAPDFIQHMPV,3.49953253971
QEGEIAPVNPCSSEHWGIAACLVQSGTT,6.27372059783
QEGEIAPVNPCSSEHYGIAACLVQSGTT,5.55885408334
QEGEIAPVNPCSSEHYGIVACLLQSGTT,4.9117221092
QEGEIAPVNPCSSEHYGIVACLVQSGTT,5.83189715553
QEGEICAVNPCCTEGYGDAGTAWQDGNR,4.41487192424
QEGEICTVNPCCTEGYGDAGTAWQDGNR,6.02079380835
QEGEIVATNPACTEVFGDVSEDIYHGPF,5.59426458155
QEGEIVATNPACTEVFGDVSENIYHGPF,5.01677095446
QEGEIVATNPACTEVFGDVSTNIYHGPF,6.1683675976900005
QEGEVAAVNPCASEQFGCTSANLEIGNP,5.40132655405
QEGEVAAVNPCASEQFGCTSANWEIGNP,6.1937029318
QEGEVAAVNPCASEQFGCTSANWEIGNR,4.61190651859
QEGEVAAVNPCASEQFGCTSANWERGNR,5.74774441209
QEGEVRAVNPCASEQFGCTSANLEIGNP,5.12532875794
QEHEISQTNPVSTELYGWTSNNDQNGEG,4.65990323444
QEHEISQTNPVSTELYGWTSTNDQNGEG,5.97937833462
QEHEISQVNPVSTELYGWTSNNDQNGEG,4.823365497119999
QEIEINQTNPVATEGYGGASEVLQHGGR,5.21952849747
QELEIAATNPVSTETGGVVSNALQQETY,4.28081002262
QELEIAAVNPVSTETGGVVANALQQETY,5.42315472941
QELEIAAVNPVSTETGGVVSNALQQETY,4.250232244909999
QENEIGCTNPLSTEIFGDVSDAEQNGDH,5.53421876796
QENEIGCTNPLSTEIFGDVSDNEQNGDH,6.28322407052
QENEIGCTNPLSTEIYGDVSDNEQNGDH,5.709859895219999
QENEIMATNPTCTEIFGDVSEEVQSEDF,5.46485894453
QENEIRTTNPDATQQYGSVETDDELENS,5.155917077780001
QENEIRTTNPDATQQYGSVETDDELEVS,4.540143601919999
QENEIRTTNPVAGFWYGIVTEEEQSGNF,6.22008263423
QENEIRTTNPVAGFWYQIVTEEEQSGPF,6.10641930374
QENEIRVTNPVAGEQYQIVTENEQRGNF,3.956170943459999
QENEIRVTNPVAGEQYQIVTENEQSGNF,4.5721603398
QENEIRVTNPVAGEQYQIVTENEQSGPF,6.01518361276
QENEIRVTNPVAGEQYQSVTENEQRGNF,4.89115115161
QENEIRVTNPVAGEWYQIVTENEQSGPF,4.451866106080001
QENEIRVTNPVAGFWYQIVTEEEQSGPF,3.91382465275
QENEIRVTNPVAGFWYQIVTENEQSGPF,4.8520164875
QENEITATNPEGTECFGCVAEDPAVGPH,5.992030992809999
QENEIVQVNPCCDEHFGEAPEVCMHEEK,4.636290677219999
QENEIVQVNPCCDEHYGEAPEVCMHEEK,5.2429874703
QENEIVQVNPVADEHYGEAPEVCMHEEK,5.14289541608
QENEIVQVNPVATEHYGEAPEVCMHEEK,5.249494482149999
QENEIVQVNPVATEHYGEAPEVCQHEEK,5.43491603715
QENEIVQVNPVATEQYGEAPEVCQHEEK,4.67425852742
QENEIVQVNPVCDEHYGEAPEVCMHEEK,2.9257972944100006
QENEIVTTNPCATECYGDASEDDQHEEN,5.887995784609999
QENEIVTVNPCATECYGDASEDDQHEEN,5.863061539069999
QENEIVTVNPCATECYQDASEDDQHEEN,6.32093523626
QENEIVTVNPCATECYQDATEDDQHEEN,4.187556066469999
QENEVGGTNPDATQQYGSVESDDELEVS,5.76798857929
QENEVRGTNPDATQQYGSVESDDELEVS,5.099499889800001
QENEVRGTNPDATQQYGSVETDDELEVS,4.40214683522
QENEVRTTNPDATQQYGSVETDDELEVS,4.5721603398
QEPEICQTNPIATENYGWAAEIQQMGPT,5.03095373845
QEPEICQTNPVATENYGWAAEIQQMGPT,5.78006439253
QEPEICQVNPIASENYGWAAEIQQMGPT,4.79308337207
QEPEICQVNPIATENYGWAAEIQQMGPT,3.976969414430001
QEPEICQVNPISSENYGWAAEIQQMGPT,4.390665949650001
QEPEIRQTNPVATENYGWAAEIQQMGNT,5.22535757627
QEPEIRQTNPVATENYGWAAEIQQMGPT,5.60288858937
QEPEIRQTNPVATENYGWASEIQQMGNT,4.74208633809
QEPEVCQVNPISSENYGWAAEIQQMGPT,5.562250110330001
QEQEIAAVNPVSTEMWGEAGEVLQHGMR,5.66213685471
QEQEIAAVNPVSTEMWGEAGTVLQHGMR,5.37960780899
QEQEIAAVNPVSTEMWGEASTVLQHGMR,6.17856336479
QEQEIAAVNPVSTEMYGEAGEVLQHGMR,5.85970810396
QEQEIAAVNPVSTEMYGEASEVLQHGMR,6.09290728025
QEQEIAAVNPVSTEMYGEASEVLQRGMR,5.364602959630001
QEQEIACVNPVSTEIYGEASEVLQHGML,5.53432826627
QEQEIACVNPVSTEIYGEASEVLQRGMR,5.46091124569
QEQEIAQVNPVSTEVYGEASEVLQHGGR,3.228486330519999
QEQEIAQVNPVSTEVYGEASEVLQRGGR,5.61075558511
QEQEIAQVNPVSTEVYGEVSEVLQHGGR,3.94695220946
QEQEIKTQNPEATQQYWEDMPYLGYEQS,4.95381167058
QEQEIKTQNPEATQQYWEDMPYPGYEQS,2.4127277121800006
QEQEIRPVNPVATEMYGIACVNLQYGGK,4.789134747099999
QEQEIRTQNPEATQQYWEDMPYLGYEQS,3.75893321155
QEQEIRTQNPVATQQYGEDMPYLGYEQS,5.55835454027
QEQEIRTQNPVATQQYGEDMTYLGYEQS,4.058247590440001
QEQEIRTQNPVATQQYGEVMTYLGYENS,5.27299214791
QEQEIRTQNPVATQQYGEVMTYLGYEQS,4.74977853506
QEQEIRTQNPVATQQYWEDMPYLGYEQS,5.06731948405
QEQEIRTTNHEATQQYWDVDTEDFDEES,3.86690360536
QEQEIRTTNPEATQQYWDVDTEDFDEES,6.27554333344
QEQEIRTVNPVATEMYGIACVNLQYGGK,5.321876635990001
QEQEIRTVNPVATEMYGIACVNLQYGNR,4.85557430692
QEQEIVATNPVSTEMYGEASEVLQRGGR,5.20557496408
QEQEIVAVNPVSTEMYGEAAEVLQHGGM,4.86415822862
QEQEIVAVNPVSTEMYGEAAEVLQHGGR,5.94878061242
QEQEIVAVNPVSTEMYGEASEVLQHGGR,4.23596567584
QEQEIVAVNPVSTEMYGEASEVLQRGGR,5.573495550480001
QEQEIVPVNPVATEMYGIACVNLQYGGK,5.72815153541
QEQEIVPVNPVATEMYGIACVNMQYGGK,4.89237429288
QEQEIVPVNPVSTEMYGIACVLMQYGGK,4.40922176867
QEQEIVPVNPVSTEMYGIACVNMQYGGK,5.34083479369
QEQEIVTVNPVSTEMYGEAAEVLQHGNM,5.30521088396
QEQEVVPVNPVSTEMYGIACVLMQYGGK,5.13414105871
QESEIRSTNPVSTEIYGSASTVLQRGGR,5.67843234485
QESEIRSVNPVSTEIYGNASTVLQHGGR,5.45764845868
QESEIRSVNPVSTEIYGSASTVLQHGGR,6.113543572939999
QESEIRSVNPVSTEIYGSASTVLQRGGR,5.20521284183
QESEIYSTNPDSTEIYGEADYGWEDGEM,4.928111160249999
QESEIYSTNPDSTEIYGEADYGWEDMEM,2.949396329269999
QESEIYSTNPDSTEIYGEASYGWEDGEM,5.1093113606
QESEIYSTNPDSTEIYGEASYNWEDGEM,5.4041373756
QESEIYSTNPDSTEIYGEVSYNWEDGEM,5.74825910886
QESEIYSTNPDSTEIYGEVSYNWEDGNM,4.90589773698
QESEIYSVNPVSTEIYGNASCVLQHGGR,5.10791170486
QESEIYSVNPVSTEIYGNASTVLQHGGR,5.74419048792
QESEIYTTNPDSTEIYGEVSYNWEDGNM,5.87604425922
QESEIYTVNPVSTEIYGNASCVLQHGGR,6.220853373300001
QETEINAVNPVSTEMYGVVGTIIQRGGR,5.63265210016
QETEINAVNPVSTEMYGVVGTNIQRGGR,5.68310711091
QETEINAVNPVSTEMYGVVGTNLQRGGR,5.98072350492
QETEIVQTNPVSTDCFGVAIESGCCPEI,6.24111800219
QETEIVQTNPVSYDCFGVAIESGCCPEI,4.47328508972
QEVEIAATNPVSTELYGDAGECEMTFEY,6.123736672030001
QEVEIAATNPVSTELYGDAGECLMTFEY,5.92579729441
QEVEIAATNPVSTELYGDAGECLQTFEY,5.5348275551
QEVEIAQTNCEASEQYGVVGTDWLPGMD,5.974366194680001
QEVEIATTNPVSTELYGDAGECLQTFEY,5.28948791369
QEVEIATTNPVSTELYGDASECLQTFEY,4.88435720754
QEVEIATTNPVSTELYGDVSECLQTFEY,6.21920534929
QEVEIATTNPVSTELYGDVSECLQTGEY,5.923689631449999
QEVEISAVNPESTFIFGCVSADWQQGDF,5.42003662472
QEVEISAVNPESTFIFGCVSANWQQGDF,5.75129956318
QEVEIVATNPTATEMFGSVSTDLQHGPF,6.30826693124
QEVEIVATNPTATEMFGVVSVDLQHGPF,6.17398393584
QEVEIVATNPTSTEMFGVVSVDLQHGPF,6.40384459122
QEVIIVCCNPTMTMMYGTMDEVEQQGPE,5.08449504043
QEVIIVCCNPTMYMMYGTMDEVEAQDPE,5.2704454658
QEVIIVCCNPTMYMMYGTMDEVEQQDPE,5.636290677219999
QEVIIVCCNPTMYMMYGTMDEVEQQGPE,4.03908837311
QEWDIRTTNPQATRQYGHDSTFLQRVNS,6.02115895401
QEWEIRTTNPQATRQYGHDSTFLQRVNR,5.57608604301
QFREIRMCNPVVTEYYMSVSRHLQRGNR,4.92579729441
QKEEIRTTYPIATEQSGSWSPNLDRGNR,3.5526904755999995
QKGEIRTTYPIATEQSGSWSPNLDRGNR,3.956170943459999
QKGEIRTTYPIATEQSGSWSPNLDRVNR,3.83268789002
QQNAIGGENPDATQLYISVESNDELEVS,2.845423877949999
QQNAIGGTNPDATQLYISVESNDELEVS,4.09290728025
QQNAVGGENPDATQLYISVESDDELEVS,5.44037046724
QQNAVGGENPDATQLYISVESNDELEVS,3.75587229297
QQNAVGGTNPDATQLYISVESDDELEVS,5.79376890073
QQNEVGGTNPDATQLYGSVESDDELEVS,4.24693465481
QQNEVGGTNPDATQLYISVESDDELEVS,4.57294462633
QQNEVGGTNPDATQQYGSVESDDELEVS,5.53290082578
REAEIVQVNPVATEQWGGTSTTLQQGTL,6.08822775931
REAEIVQVNPVATEQYGGTSTTLQQGTL,4.0483504767
REAEIVQVNPVATEQYGGVSTTLQQGTL,4.83870048835
REAEIVQVNPVATEWWGGTSTTLQQGTL,6.26587273601
REDEIKAVNPVATECYGGCGDTVQHGTT,5.27696261053
REDEIKAVNPVCTECYGGCGDTVQHGTT,4.836449808819999
REEECRAVNPVASECYGCIDMDWCAGNC,5.17718134051
REEECRAVNPVASECYGSIDMDWCAGNC,4.43547166783
REEECRAVNPVATECYGSIDMDWCAGNC,5.46287246574
REEECRTVNPVATECYGSIDMDLCAGNR,5.29444188821
REEECRTVNPVATECYGSVDMDLCAGNR,4.86630071351
REEEIRCVNPCATEQYGAVCTNLERGND,5.7249901971
REEEITSVNPVASECYGIASYNLMRLTQ,5.57343107813
REEEITSVNPVCSECYGIASYNLMRLTQ,4.95821877211
REEEMQTVNPCGTAGYGSHSIALERNMD,5.56174372385
REEEMRTTNPCGTAQYGSHSIALERNND,5.06781629929
REEEMRTTNPVGTAQYGSHSIALERNND,5.91231406505
REEEMRTTNPVGTAQYGSVSIALERNND,4.83429893993
REEEMRTVNPCGTAGYGSHSIALERNMD,5.00347665824
REEEMRTVNPCGTAGYGSHSIALERNND,6.15506096359
REEEMRTVNPCGTAQYGSHSIALERNND,5.78283934057
REEEVTSVNPVCSECYGIASYNLMRLTQ,5.09367446721
REGEIKQTNCVAYEGFGFHSGNLQNQQA,5.10830036194
REGEIKQTNCVAYEGFGFVSGNLQNQQA,6.10820089248
REGEIKQTNPVATEGFGFVSTNLQRQNA,5.956170943459999
REGEIKQTNPVATEGFGFVSTNLQRQNR,5.33085070512
REGEIKQTNPVATEGFGFVSTNLQRQQA,5.32728826186
REGEIKQTNPVAYEGFGFVSGNLQRQQA,6.29373055857
REGEIQCVNPCGTAGYGAVCIALERGMD,5.95381167058
REGEIQCVNPCGTAGYGAVCIALERGND,5.12430104047
REGEIQCVNVCGTAGYGAHCIALERGMD,5.44987755299
REGEIRCVNPCGTAGYGAVCIALERGND,5.26917380857
REGEIRCVNPCGTAGYGAVCTALERGND,4.94366797125
REGEIRCVNPCGTEGYGAVCTALERGND,5.16718670621
REGEIRCVNPCGTEGYGAVCTNLERGND,5.54586359609
REGEIRCVNPCGTEQYGAVCTNLERGND,5.426837311590001
REGEMQCVNVCGTAGYGAHCIALERGMD,4.65462249999
REHEITCTNPVSTEHYGAVDDDEEVGNA,5.43686168147
REHEITCTNPVSTEHYGAVSDDEEVGNA,6.07312568336
REHEITCVNPVSTEHYGAVDDDEEVGNA,5.008259454609999
REIEIMSVNPVATENYGEVSCILQQGNR,5.71490051192
REIEIMSVNPVATENYGEVSCNLQQGNR,6.383292855800001
REIEIMSVNPVSTENYGEASCIVQQGTR,5.83362745049
REIEIMSVNPVSTENYGEVSCILQQGNR,6.303164375730001
REIEIMSVNPVSTENYGEVSCIVQQGTR,5.64568937522
REIEVMSVNPVSTENYGEAACIVQQGTL,5.89722814222
REIEVMSVNPVSTENYGEASCIVQQGTL,2.139112429380001
REIEVMSVNPVSTENYGEASCIVQQGTR,5.60647099472
REKSIRTSCPPATEQGGWVSTLLMRGNR,1.3712084427399986
REKSIRTSCPPATEQYGWVSTLLMRGNR,3.6829407705199992
REKSIRTSNPPATEQYGWVSTLLMRGNR,4.35945047186
REMECRAVNPVASECYGCIDMDWCAGNC,4.30863597131
REMECTAVNPVASECYGCIDMDWCAGNC,5.30213628
REMECTAVNPVASECYGCIDMDWCALNC,5.5038403812
REMECTAVNPVASECYGCVDMDWCALNC,4.8578205006
REMECTAVNPVATECYGCVDMDWCALNC,5.530212157799999
RESEIATTNPTATELYGSVDEDLCQGND,4.71490051192
RESEIATTNPTATELYGSVDEDLQQGND,5.970191413769999
RESEIATTNPVATELYGSVDEDLCQGND,3.26826616774
RPEFSKTTNCAAYSGYASHSGNLQNGQR,4.48562616255
RPGEIKQTNCAAYEGFGFHSGNLQNQQA,4.580022457569999
RPGEIKQTNCAAYSGFGFHSGNLQNQQA,4.289978423709999
RPGEIKQTNCVAYEGFGFHSGNLQNQQA,5.26083547163
RPGESKQTNCAAYSGFAFHSGNLQNQQA,3.32943003042
RPGESKQTNCAAYSGFGFHSGNLQNQQA,3.4127277121800006
RPGFSKQTNCAAYSGFAFHSGNLQNQQA,4.963599327130001
RPGFSKTTNCAAYSGFAFHSGNLQNQQA,3.92454549821
RPGFSKTTNCAAYSGFAFHSGNLQNQQR,5.1426899186
RPGFSKTTNCAAYSGFASHSGNLQNGQR,4.33929427562
RPGFSKTTNCAAYSGFASHSGNLQNQQR,3.89778291824
RPGFSKTTNCAAYSGYASHSGNLQNGQR,4.87152763189
RVEEMQCVNPCGTAGYGAHSIALERNMD,4.89857582568
RVEEMQCVNVCGTAGYGAHSIALERNMD,4.273717717059999
RVEEMQTVNPCGTAGYGAHSIALERNMD,4.700953394080001
RVEEMQTVNPCGTAGYGSHSIALERNMD,3.11844237236
RVGEMQCVNVCGTAGTGAHCIALERNMD,4.920796613359999
RVGEMQCVNVCGTAGTGAHSIALERNMD,3.24588937678
RVGEMQCVNVCGTAGYGAHCIALERGMD,4.55574724991
RVGEMQCVNVCGTAGYGAHCIALERNMD,4.64519885035
RVGEMQCVNVCGTAGYGAHSIALERNMD,4.317751180580001
SAECIHPTNYFAGQNPWDWHEGPCDMED,3.78113905158
SAECIHPTNYFAGQQPWDWHEGPCDMED,4.24685864548
SAECIHPTNYFAGQQYWDWHEGPCDMED,4.28081002262
SAECIRPTNPFAGQQYWDWHEGPCDMED,3.75714507209
SAECIRPTNPFATQQYWDWHEGPCDMED,5.00085286314
SAECIRPTNYFAGQQYWDWHEGPCDMED,4.342926011009999
SAEMIRPTNPFATAQYWDWHEGPCDMED,4.05648700084
SAEMIRPTNYFAMAQCWDWHEGPCDMED,4.46013372207
SAEMIRPTNYFATAQCWDWHEGPCDMED,3.80605417107
SAEMIRPTNYFATAQYWDWHEGPCDMED,3.70708991989
SAEMIRPTNYFCMALCWDWHEGPCDMED,6.233601570369999
SAEMIRPTNYFCMAQCWDWHEGPCDMED,5.14930333606
SCEPQGTTNPYANLYWYHNENLGINWIP,4.301306429509999
SDEEIACCNPTATEMYGAVNTGPMVGNS,5.281338212790001
SDEEIACCNPTATEMYGAVNTGPMVGTS,5.694233227180001
SDEETKTTNPTASEVFGCVGMDLQRGTD,5.78738326572
SDEETKTTNPTSSEVFGCVGMDLQRGTD,4.81587960234
SDEETRTTNPTASEVFGCVGMDLQRGTD,5.06665663311
SDNEISCTNPVSTECYGDYSEAEMVGNW,5.59774309673
SDVEIACCNPTATEMGGAVNTGPMVGTS,5.671056095380001
SDVEIACCNPTATEMYGAVNTGPMVGTS,5.45642919383
SDVEIACCNPTCTEMGGAVNEGPMVGTS,5.17228052398
SDVEIACCNPTCTEMGGAVNTGPMVGTS,5.57477628801
SEDEICATNPTSTELFGDASVMQQFGDF,6.30167782738
SEDEICTTNPTSTELFGDASVMQQFGDF,6.16142554291
SEDEICTTNPTSTELFGDASVNLQFGDF,6.16954036164
SEDEICTTNPTSTELFGDASVNQQFGDF,6.09967256834
SEDEIHATNCCSHMFFGCISQGLDIGTE,6.0095080008
SEDEILACNPAATELFGGVSDNWQGGPV,5.66202095231
SEDEILACNPACTELFGGVSDDWQGGPV,6.040439860359999
SEDEILTCNPAATELFGGVSDNLQGGPV,6.0513281765
SEDEILTCNPAATELFGGVSDNWQGGPV,5.4908602377
SEEEARPTWVDAYVWYGLMATDPQRENM,4.57664773079
SEEEARPVWVDAYVWYGLMATDPQRENM,4.75176789464
SEEEICCCNPVCTEQYGSVSTGDQQGTH,6.062001678010001
SEEEIHATNCCSHMFFGCISQGLDIGTE,5.70914124263
SEEEIHATNPCAHMFFGCISQGLDIGTE,6.331956642350001
SEEEIHATNPCSHMFFGCISQGLDIGTE,6.07596437534
SEEEIRATNPEATETYGEVSDNVDIGLQ,5.34083479369
SEEEIRPTWVDAYVWYGLMATDPQRENM,4.74257547036
SEEEIRPTWVDAYVWYGSMATDPQRENM,4.51075979514
SEEEIRPTWVDAYVWYGSMATDPQRGNM,4.42329695389
SEEEIRTTNPCAHMFFGCISQGLDIGTE,6.31611236428
SEEEIRTTNPCAHMFFGCVSQGLDIGTE,6.22054055998
SEEEIRTTNPEATENYGSVDTADLTGEA,5.5520120945
SEEEIRTTNPVATELYGIVDTNDMLGDY,6.2883673738
SEEEIVATNPEATETYGEVSDNVDIGLQ,5.80516935348
SEEEIVTTNPAATEQFGGVSENEQHGTQ,5.625402361080001
SEEEIYAVNPESTEHYGCVSNGPQHETV,6.11658681578
SEEEVRCVNPIASEVYGCVGNNLERGNR,5.25337195244
SEEEVRCVNPVASEVYGCVGNNLERGNR,5.04161897372
SEEEVRCVNPVATEVYGCVGNNLERGNR,5.05497595351
SEEEVRCVNPVATEVYGCVSNNLERGNR,5.18883170025
SEEPQGTTNPYANLYWYHNENLGINGIP,6.01285402868
SEEPQGTTNPYANLYWYHNENLGINWIP,3.81032007699
SEFEIMQCNPASTEQGGSVAVAVAVGDA,5.09485555204
SEFEIMQCNPASTEQGGSVAVAVQVGDA,3.90787538642
SEFEIMQCNPASTEQGGSVSVAVQVGDA,5.96427144223
SEFEIMQCNPASTEQYGSVSVAVQVGDA,4.301306429509999
SEFEIMQTNPASTEQGGSVAVAVAVGDA,5.29410374335
SEFEIMQTNPASTEQYGSVSVAVQVGDA,6.292336276
SEFEIMQTNPVSTEQGGSVAVAVAVGDA,5.60386919953
SEFEIMQTNPVSTEQGGSVSVAVAVGDA,6.19917364447
SEFEIMTTNPASTEQYGSVSVAVQVGDA,5.643481055430001
SEFEIMTTNPASTEQYGSVSVNLQVGDA,6.07780038786
SEFEIRQTNPVATEQGGSVSVAVAVGDA,6.32886215203
SEFEIYSTNPTATESFGYVSVDWQHGDS,6.10330145996
SEGEIMTCNPEATEIYGCVSTNWQQGLR,4.92232004535
SEGEIRATNPTCHEMFGCVSVMPYNGNF,5.97259150589
SEGEIRATNPTCTEMFGCVSVMPYNGNF,6.167770084719999
SEGEIRTCNPEATEIYGCVSTNWQQGLR,5.536418750309999
SEGEITAVNPISVEMFGTVSAAPQLGPV,4.344482570709999
SEGEIVTTNPAATEQFGGVSENEQHGTQ,5.05478373513
SEGEIWATNPTAHEQFGCVSTMPYRPNF,5.094446662069999
SEGEIWATNPTAHEQYGCVSTMPYRPNF,5.68672613193
SEGEIWATNPTCHEMFGCVSVMPYNGNF,5.398438770269999
SEGEIWATNPTCHEMFGCVSVMPYNPNF,5.98719783908
SEGEIWATNPTCHEQFGCVSTMPYNPNF,4.82213859281
SEGEIWATNPTCHEQFGCVSTMPYRPNF,4.77680295084
SEGEIWATNPTCHEQFGCVSVMPYNPNF,5.6667100731
SEIEISQTNPDATEQYGSASTGENRGNN,6.24198140677
SEIEISQTNPDSTEQYGAAATGENRGNN,5.11037725763
SEIEISQTNPDSTEQYGAASTGENRGNN,5.4912901081
SEIEISQTNPDSTEQYGSASTGENRGNN,5.25442004188
SEIEISQVNPDSSEMYGAAATGENRGNN,5.89932508305
SEIEISQVNPDSTEMYGAAATGENRGNN,5.065449284740001
SEIEISQVNPDSTEQYGAAATGENRGNN,5.65277880001
SENEARPVNVDAYEWYGLMATDPELEQM,5.00296515494
SENEARPVNVDAYVWYGLMATDPELEQM,5.00641575462
SENEARPVWVDAYVWYGLMATDPELENM,3.0620251843800013
SENEARPVWVDAYVWYGLMATDPELEQM,2.7813733650699994
SENEARPVWVDAYVWYGLMATDPERENM,3.066017048099999
SENEARPVWVDAYVWYGLMATDPQRENM,5.16026254805
SENEIRCTNGVATEQWGDYHEIEMQEDA,4.936151822759999
SENEIRPVNPDAYEWYGLMATDPELEQM,4.40432771732
SENEIRPVNPVAYEWYGLMATDPELEQM,5.01890669881
SENEIRPVNPVAYEWYGSMATDPELEQM,5.55656348475
SENEIRPVNVDAYEWYGLMATDPELEQM,5.01580746015
SENEIRTVNPVATEWYGSMATDPELENM,5.91919040621
SENEISSTNPVATEVYGSYSENEERGNS,6.30233951372
SENEISTTNPVATECYGDYSEAEMVGNW,5.97345256059
SENEIVATNPEATETFGEVSDDVDIGLQ,4.17577554742
SENEIVATNPEATETYGEVSDDVDIGLQ,5.88432065844
SENEIVATNPEATETYGEVSDNVDIGLQ,6.33284200294
SENEIVATNPESTETFGEVSDDVDIGLQ,3.66840945172
SEQEICCCNPACTELFGSVSVGDQQLTH,4.99979787586
SEQEICCCNPACTELFGVVSVGDQQLTH,4.17447640727
SEQEICCCNPACTELYGSVSVGDQQLTH,6.39276258574
SEQEICCCNPVCTELYGSVSVGDQQGTH,5.01398282017
SEQEICCCNPVCTEQYGSVSTGDQQGTH,6.35847495283
SEQEICCCNPVCTEQYGSVSVGDQQGTH,5.18083890949
SEQEISATNPEGTEWYGQVSECPNLGDD,5.551917119890001
SEQEISATNPEGTEWYGQVSTCPNLGDD,5.60198455518
SEQEIVSTNPESTEMFGDVSNDDQLGTQ,4.569549126340001
SEQEIVSTNPESTEMYGDVSNDDQLGNQ,5.13572036379
SEQEIVSTNPESTEMYGDVSNDDQLGTQ,5.67425852742
SEQEIVSTNPESTEMYGDVSNNDQLGNQ,4.879104058969999
SEQEIVSTNPVSTEMYGDVSNNDQLGNQ,5.81029342761
SEQEIVSVNPESTEMFGDVSNDDQLGTQ,4.23378948245
SEQEIYSTNPHSTEWWGNYGDCDMGFQL,4.70340487308
SEQEIYSTNPHSTEWWGNYGDCLMGFQL,5.19439122559
SEQEVRCVNPIASEVYGCVGNNLERGNF,5.747533902930001
SEQEVRCVNPIASEVYGCVGNNLERGNR,6.0595486833
SETEICGTNPTLTEPFGFAMTFWAQDYG,5.84779478241
SEVEIAATNPTATECFGDVPELECQEDF,5.0607268745
SEVEIAATNPTATECFGDVSELECQEDF,5.39606431441
SEVEIAATNPTATELFGDVPELECQEDF,5.512810534700001
SEVEIAATNPTATELFGDVSELECQEDF,4.33775540076
SEVEIAATNPTATELFGEVNELECQEDF,5.450348278440001
SEVEIAATNPTATELFGEVSELECQEDF,5.64700570291
SEVEIAATNPTATEMFGGVSENEQQGNF,6.0116580310700005
SEVEIAATNPTATEQFGDVSELECQEDF,5.15075492219
SEVEIAATNPTATEQFGEVSELECQEDF,5.17331870088
SEVEIAATNPTSTELFGDVPELECQEDF,4.42329695389
SEVEIAAVNPEAHEIFGIVSNAWQIEDF,5.02767690843
SEVEIAAVNPEAHEIYGIVSNAWQIEDF,5.5721603398
SEVEIAAVNPECHEIFGIVSNAWQIEDF,5.87051485891
SEVEIAAVNPVAHEIYGIVSNAWQIEDF,5.222514826499999
SEVEIAAVNPVAHEIYGIVSNAWQIGDF,5.87467440611
SEVEIATTNPTATEQFGEVSELECQEDF,5.96001300975
SEVEIATTNPTATEQYGDVSELECQEDF,5.315642702240001
SEVEIATTNPTATEQYGEVSELECQEDF,5.80605805014
SEVEIGTTNPTGTETFGEVSEAEQNEGR,6.36780184129
SEVEISCCNPECTEIFGVVSENDQMEDF,4.91723528091
SEVEISCCNPECTEIFGVVSENDQMGDF,6.401638072759999
SEVEISCCNPECTEIYGVVSENDQMGDF,6.13730139961
SEVEISCTNPECTEIYGVVSENDQMGDF,6.05884223016
SEVEISQTNPESSENYGHADEGQLVGPE,4.690580832719999
SEVEISQTNPESSENYGHASEGQLVGPE,3.74257547036
SEVEISQTNPESSENYGHASTGQLVGPE,5.70696269249
SEVEISQTNPESSENYGHVSTGQLVGPE,4.908989006730001
SEVEIVVTNPAASEHYGWVSDNSQNGTF,3.72940008161
SEVEIVVTNPASSEHFGWVSDASQNGTF,4.88538302597
SEVEIVVTNPASSEHFGWVSDNSQNGTF,4.88028263516
SEVEIVVTNPASSEHYGWVSDNSQNGTF,6.10950924759
SEVEIYSTNPFATEGYGTADDAPNHGEQ,6.03531077916
SEVEIYSTNPFATEGYGTADDAPNHGNQ,5.56393045416
SEVEIYSTNPFATEGYGTVDDAPNHGNQ,4.94259253696
SEVEIYSTNPFATEGYGTVSDAPNHGNQ,5.313051637180001
SEVEIYSTNPFATEGYGTVSTAPNRGNQ,6.301306429509999
SEVEIYSTNPFCTEGYGTADDAPNHGEQ,4.687176775219999
SEVTIAGTNPEATECYGDVSANEQHGDF,5.92719593247
SEVTIAGTNPESTECFGDVSADEQHGDF,4.93652370101
SEVTIAGTNPESTECYGDVSADEQHGDF,5.86690360536
SEVTIAGTNPESTECYGDVSANEQHGDF,5.64745846807
SEVTIAGVNPESTECFGDVSADEQHGDF,4.56676292527
SLECIAATNPFACALGGSVETGPYQGLF,4.78493475857
SLECIAATNPFATALGGSVETGPYQGLF,5.929390559140001
SLECIAATNPTAYYIFGSVEAGPYQGLF,6.02656027135
SLECIATTNPFLTACGWDVEEGECQEDF,4.44589004213
SLECIATTNPFLWACGWDVEEGECQEDF,5.85286577196
SLECIATTNPTLTACGWDVEEGECQEDF,5.30382422254
SLECIATTNPTLTACGWDVNEGECNEDF,5.3290093583
SLECIATTNPTLWACGWDVEEGECQEDF,4.95461099192
SLECIATTNPTLWACGWDVNEGECNEDF,5.041525001469999
SLECIRATNPFATALGGSVETGPYQGLF,5.969740642
SLECIRATNPFAWACGGSVEAGPYNGLF,5.492314127809999
SLECIRATNPFAWACGGSVETGPYNGLF,3.9809388486099992
SLECIRATNPTAYYIFGSVEAGPYQGLF,4.71183882945
SLECIRATNPTAYYIFGSVETGPYQGLF,5.72170568982
SLECIRTTNPEATCQGWDVEEGECQGLA,4.27213927594
SLECIRTTNPELTCQGWDVEEGECQGLA,5.21530391161
SLECIRTTNPFATACGWDVEEGECQEDF,4.94415968091
SLECIRTTNPFATAQGGSVETGPYNGLF,5.85773301947
SLECIRTTNPFATAQGGSVETGPYQGLF,4.40882794791
SLECIRTTNPFATAQGWDVEEGECQEDF,3.58594729153
SLECIRTTNPFAWAQGGSVETGPYNGLF,4.83161485536
SLECIRTTNPFLTACGWDVEEGECQEDF,5.29870931802
SLECIRTTNPTATACGWDVEEGECQEDF,4.67186235374
SLECIRTTNPTATACGWDVNEGECNEDF,4.46406655969
SLECIRTTNPTATAQFGSVETGPYQGLG,5.19447548041
SLECIRTTNPTATAQGWDVEEGECQEDF,4.455477359630001
SLECIRTTNPTATAQGWDVNEGECNEDF,2.6496728891399988
SLECIRTTNPTATEIFGSVETGPYQGLF,5.319618307780001
SLECIRTTNPTATEQFGSVETGPYQGLF,5.50822361515
SLECIRTTNPTATYIFGSVETGPYQGLF,6.0855777384500005
SLECIRTTNPTAWALFGSVEAGPYQGLG,5.02863901589
SLECIRTTNPTAWALFGSVETGPYQGLG,4.74522504877
SLECIRTTNPTAWAQFGSVETGPYQGLG,6.26650740786
SLECIRTTNPTLTACGWDVEEGECQEDF,4.799675981619999
SLECIRTTNPTLTACGWDVNEGECNEDF,5.35916661647
SLECQAATNPFLWACGWDVEEGECQEDF,4.92215871735
SLECQAATNPTLWACGWDVNEGECNEDF,5.502825613590001
SLECQATTNPFLWACGWDVEEGECQEDF,4.90589773698
SLECQATTNPTLWACGWDVEEGECQEDF,4.10266716888
SLECQATTNPTLWACGWDVNEGECNEDF,5.5066670405
SLECQRTTNPELTCQGWDVEEGECQGLA,3.96938656296
SLECQYCTNPELFCQGWDAEEGECQYLA,4.31217007846
SLECQYCTNPELFCQGWDVEEGECQGLA,5.01506463251
SLECQYCTNPELFCQGWDVEEGECQYLA,4.99138563604
SLECQYCTNPELFCSGWDAEEGECQYLA,4.32093523626
SLECQYCTNPELTCQGWDVEEGECQGLA,5.8188820905
SLECQYTTNPELTCQGWDVEEGECQGLA,5.09180724585
SLEEIRTTNPEATCQGGDVEEGECQGLA,3.78829377066
SLEEIRTTNPEATCQGWDVEEGECQGLA,3.69484285957
SLEEIRTTNPEATEQGGDVEEGECQGLA,3.951792502949999
SLEEIRTTNPFATAQGGDVEEGECQGDF,3.97548441851
SLEEIRTTNPFATAQGGSVETGPYNGLF,6.05658390195
SLEEIRTTNPFATAQGGSVETGPYQGLF,5.806686082530001
SLEEIRTTNPFATAQGWDVEEGECQEDF,5.21797804591
SLEEIRTTNPFATAQGWDVEEGECQGDF,4.806362063430001
SLEEIRTTNPFATAQYGSVETGPYNGLF,5.07689846086
SLEEIRTTNPFATAQYGSVETGPYQGLF,6.35233043253
SLEEIRTTNPFATEQGGDVEEGECQGDF,6.00143173225
SLEEIRTTNPTATAQFGSVETGPYQGLG,6.38422738921
SLEEIRTTNPTATAQGGDVEEGECQGDF,5.565901349330001
SLEEIRTTNPTATAQGGDVNEGECNGDF,5.63863461769
SLEEIRTTNPTATAQGWDVEEGECQEDF,5.097457347230001
SLEEIRTTNPTATAQGWDVEEGECQGDF,3.57044613023
SLEEIRTTNPTATAQGWDVNEGECNEDF,5.1402694956
SLEEIRTTNPTATAQGWDVNEGECNGDF,5.122881437519999
SLEEIRTTNPTATEQFGSVETGPYQGLF,6.27456157427
SLEEIRTTNPTATEQGGDVEEGECQGDF,3.9674302521000007
SLEEIRTTNPTATEQGGDVNEGECNGDF,4.062299294319999
SLEQIRTTNPDAFGWWGCWDPAFFYGTY,5.04127451183
SLEQIRTTNPDAFGWYGCWDPAFFYGTY,4.34585286846
SLEYIRTTNPDAYQQYGSVFTPDDPGEG,4.39528257772
SMDLIMACNPTASDCFAFLHAAYIQGPF,5.61395298026
SMDLIMACNPTASDCFAFLHANYIQGPF,6.16498495829
SMDLIMACNPTSSDCFAFLHAAYIQGPF,3.95510998047
SMELIMACNPTASDCFAFLHANYIQGPF,3.973969007719999
SMELIMTCNPTASDCFAFLHANYIQGPF,5.346858581319999
SPEMIHPTNYFAGQQYWDWHEGDCDMED,5.39528257772
SPEMIRPTNPFAGQQYWDWHEGDCDMED,4.59660119906
SPEMIRPTNPFATQQYWDWHEGDCDMED,3.61190651859
SPEMIRPTNYFAGQQYWDWHEGDCDMED,3.75176789464
SQEEGRTTNEVATECWGTVSTILQEGNR,5.0234939683
SQEEGRTTNEVATECWWTVSTILQEGNR,3.652778800009999
SQEEGRTTNPVATECWGTVSTILQEGNR,6.3447498437
STECIRTTNCHATCKWGDWHDGEMEEDA,5.638916146630001
STECIRTTNPHATCKWGDWHDGEMEEDA,5.95381167058
STECIRTTNPHATCKWGDWHDGEMEGDA,5.69059891632
STECISTTNCHATCKWGDWHDGEMEEDA,5.59338771566
STECISTTNCHHTCKWKDWHDGEMEEDA,5.07970997787
STEMIRTTNPHAMCKWGDWHEPEMTGDP,4.4773367936
STEMIRTTNPYAMCKWGDWHEGEMEGDP,5.55930364709
SVFVINACIYGLWLIFQNAYFHPDFFQF,4.956170943459999
SVFVINTTIYGLWLIFQNAYFHPDFFQF,5.90410222332
SVNEIVCTNPEATEFFGLVSEDEQQGLV,5.82386544719
TEEYIRTTNPDATIIWGSVSTNLYSENP,5.58265271362
TEEYIRTTNPDATIIYGSVSTNLYRENP,0.0
TEEYIRTTNPDATIIYGSVSTNLYSENP,5.73861816057
TEEYIRTTNPDCTIIWGSVSTNLYSELP,5.27809903835
TEEYIRTTNPDCYIIWGSVSTNEYSELP,3.71018048844
TEEYIRTTNPDCYIIWQSNYGDEYSELP,6.17856336479
TEEYIRTTNPDCYIIWQSVYGDEYSELP,4.764116287069999
TEEYIRTTNPDCYIIWQSVYTDEYSELP,5.78283934057
TEEYIRTTNPDCYIIWQSVYTNEYSELP,5.07113665758
TEEYIRTTNPVATEDYGSVDGNTQPDQN,5.66387650889
TEEYIRTTNPVATEDYGSVSGNTQPDQR,5.71429318922
THCEIMPVNPDNLMQCGSVDGGEQLPNV,5.04127451183
THCEIRPVNPDNLMQCGSVDGGEQLPNV,4.57294462633
THCNIMPVNPDNLMQCGSVDGGENLPAV,5.72416343324
THCNIMPVNPDNLMQCGSVDGGENLPNV,5.25668878749
THCNIMPVNPDNLMQCGSVDGGEQLPNV,3.62589550586
THCNIMPVNPDNLMSCGSVDGGENLPAV,3.79123933543
THEEIRPTNPVALMQCGSVDGGEQLPNV,4.61658025128
THEEIRPTNPVALMQCGSVDGGEQRPNV,4.91581320584
THEEIRPVNPDNLMQCGSVDGGEQLPNV,3.1620316409000004
THEEIRPVNPVALMQCGSVDGGEQLPNV,3.860130376769999
THEEIRPVNPVNLMQCGSVDGGEQLPNV,4.79002051538
TTEYIRPTNWDCYIIWQMNYGDEYSELP,4.72416343324
TTEYIRTTNPDCYIIWQMNYGDEYSELP,4.9723879719
TTEYIRTTNWDCYIIWQMNYGDEYSELP,5.541133444180001
TVEFIETTRPVACEMYISVSTNLQRVYR,5.244865735159999
VAECIRPTNPFAWQIYWCWEHGGDPGLP,5.595648692719999
VAECIRPTNPFAWQIYWCWEHGGDPPLP,5.82838479276
VAECTRPTNPFAWQIFWCWEHGGDPPLP,4.48839198211
VAECTRPTNPFAWQIYWCWEHGGDPPLP,5.84238128623
VAEMIRPTNPFAWQFYWCWEHGGDPGLP,5.75653211235
VAEMIRPTNPFAWQFYWCWEHGGDPPLP,5.6182654206
VAEMTRPTNPFAWQFYWCWEHGGDPPLP,4.379995265700001
VDAEIATTNPVSTEMYGEAGDNLMQQTM,6.03202762054
VDAEIATVNPVSTEMYGEAGDNLMQQTM,5.90195055246
VDGEIWQTNPDATENYGVAAEGINPGED,4.525866687530001
VDGEIWQTNPDATENYGVVAEGINPGED,6.12108709361
VDQEVRATNPIASEIYGAVAMNLERGTR,5.32606808298
VDQEVRATNPVASEIYGAVSMNLERGNR,4.91204125857
VDQEVRATNPVASEIYGAVSMNLERGTR,6.14912199045
VDQEVRATNPVASEIYGAVSMNLQRGNR,5.90589773698
VEEEIRATNPVCTEQWGFCSDELQYGQV,5.77707678496
VEEEIRTTNPCASEQFGAVGYNLMRGPI,5.99950409982
VEEEIRTTNVVAFEQYMHLSTNDQRGNR,5.12417874191
VEEEIRWTNVVAFEQYMHLSTNDQRGNR,5.19917364447
VEEEIRWTNVVAFEQYMHLSTNDQSGNR,5.68068479658
VEEEIRWTNVVAFHQYMHLSTNDQSGNR,4.489446408119999
VEEEIYATGPVCTECWGFCSDEPQYEQV,5.16026254805
VEEEIYATGPVCTEQWGFCSDELQYEQV,4.06989062752
VEEEIYATGPVCTEQWGFCSDEPQYEQV,3.61190651859
VEEEIYATNPVCTEQWGFCSDELQYEQV,5.21354068742
VEEEIYATNPVCTEQWGFCSDELQYGQV,5.089973027209999
VEEETHCTNCIAVFGWGCVASDLERPTP,5.37199572518
VEEETHCTNPIAVFQWGCVASDLERPTP,6.14746126583
VEEETHCTNPIAVFQYGCVASDLERPTP,5.25023224491
VEEETMPTNPCCTEMWGNVCTNLQRGMQ,5.893664673469999
VEEETMTTNPCCTEMWGNVCTNLQRGMQ,4.875585848459999
VEEETRCTNPIATFQYGCVASDLERPTP,3.888707975680001
VEEETRCTNPIAVFQYGCVASDLERPTP,4.66045272789
VEEETRTTNPCCTEMWGNVCTNLQRGNQ,5.72940008161
VEEETRTTNPIATFQYGCVASDLERPNP,5.541133444180001
VEEETRTTNPIATFQYGCVASDLERPTP,5.53772684274
VEEEVRCTNPVASEWFGSVSTNLQRLPR,5.41944462839
VEEEVRCVNPVASEWFGSVSTNLQRLPR,4.10703760908
VEEEVRCVNPVSSEWFGGVSTNLQRLPR,5.20697904696
VEEEVRCVNPVSSEWFGSVSTNLQRLPR,4.002965154939999
VEEEVRGTNPCCSEAFGAVGYNLMRGPI,5.632068265269999
VEEEVRTTNPCASEQFGAVGYNLMRGPI,5.451866106080001
VEEEVRTTNPCCSEAFGAVGYNLMRGPI,5.77707678496
VEEEVRTTNPCCSEQFGAVGYNLMRGPI,5.56981982458
VEEEVRTTNPVASEWFGSVSTNLQRLPR,5.7578526571
VEIEIRCTNPFAWETYGTNSNNECRGIR,5.8214606346
VEIPIRCTNCFAWCTYGTNSNPECEGIH,6.1475434917600005
VEIPIRCTNCFAWETYGTNSNPECEGIH,6.082522798099999
VEIPIRCTNCFLWCTYGTNSNPECEGIH,5.56080047764
VEIPIRCTNPFAWETYGTNSNNECEGIH,4.99068682516
VEIPIRCTNPFAWETYGTNSNNECEGIR,5.1260959449
VEIPIRCTNPFAWETYGTNSNPECEGIH,5.058632977119999
VENEIYATGPVCTECWGFCSDEPQYEQV,4.77000262181
VENEIYAVGPVCTECWGFCSDEPQYEQV,4.734655807059999
VERETMPCNPCCTEMWGNGCENLQSGMQ,5.25602276981
VERETMPCNPCCTEMWGNGCENLQSVMQ,5.43929743258
VERETMPCNPCCTEMWGNVCENLQSGMQ,5.62441657693
VERETMPCNPCCTWMWGNGCENLQSVMQ,5.65730845849
VERETMPTNPCCTEMWGNVCTNLQRGMQ,5.346858581319999
VERETMPTNPCCTEMWGNVCTNLQSGMQ,5.90410222332
VEYEIITTNDQETQQNGSVSTGLDRGNR,6.21277787655
VEYEIITTNDQETQQNGSVSTNLDRGNR,5.0296331054
VHEEIRTTNPQATQIYGSVWHEDDPGLP,5.64422693714
VHEIIRTTNPQATQIYGSVWHEDDPGLP,5.78829377066
VLELIRPTNPFAYLFYGAVEHGGIPGIP,5.65079024691
VLELIRPTNPFAYLFYGAVEHGGIPPIP,5.82076182372
VLELIRPTNPFAYLFYGSVEHGGIPGIP,6.35737016142
VLELVRPTNPFAYLFFGAVEHGGIPPIP,5.241892944
VLELVRPTNPFAYLFYGAVEHGGIPPIP,5.74176534678
VLWLVRPTNPFAYLFFGAVEHGGIPPIP,5.2883673738
VLWLVRPTNTFAYLFFGAVEHGGIPPIP,5.864597137980001
VPECIQPRNFDAWAVCYDVFEPDCDMIC,4.18368839697
VPECIWTTNPMAMYCYGSNEAYGDVGEW,5.60681648358
VPECIWTTNPVAMEQYGSNSTYLDVGNW,5.69549967499
VPECIWTTNPVAMEQYGSVSTYLDVGNR,5.935850959080001
VPECIWTTNPVAMEQYGSVSTYLDVGNW,6.04385305594
VPECIWTTNPVAMYCYGSNEAYGDVGEW,5.40514960718
VPECIWTTNPVAMYCYGSNETYGDVGEW,5.525866687530001
VPECIWTTNPVAMYCYGSNETYLDVGEW,6.140536143209999
VPECIWTTNPVAMYCYGSNSTYLDVGEW,5.43210285126
VPECIWTTNPVAMYQYGSNSTYLDVGEW,5.36874079026
VPECIWTTNPVAMYQYGSNSTYLDVGNW,5.45449157549
VPECIWTTNPVATEQYGSVSTYLDVGNR,6.1505353542000005
VPEEIRTTNPGACQHYWFVWYEDCAFHQ,4.594283150700001
VPEMIRPTNPDAWQIYWCWEHGDDPGLP,3.98719783908
VPEMIRPTNPDAWQIYWCWEHGDDPPLP,4.75714507209
VPEMIRPTNPFAYLQYWSWDHGDDPGED,4.36266115615
VPEMVRPTNPDAWQIFWCWEHGDDPPLP,5.369857694919999
VPEMVRPTNPDAWQIYWCWEHGDDPPLP,4.44924540592
VSRETMPCNPCCTWMWGNGCENLQSVMQ,4.501937352300001
VSRETMPCNPCCTWMWGNGCENSQSVMQ,4.56278200748
VSRSTMPCNPCCTWMWGNGCENSQSVMQ,4.78979467966
VTIPIACCNCFLWCTWGTNENPECEHIH,6.27809903835
VTIPIACTNCFLWCTWGTNENPECEGIH,5.5721603398
VTIPIACTNCFLWCTWGTNENPECEHIH,4.16893214281
VTIPIACTNCFLWCTWGTNSNPECEGIH,5.93850834616
VTIPIRCTNCFLWCTWGTNSNPECEGIH,5.32259555026
WEEENNTFEPVATEQYGIVTANLQEGNR,5.27736837485
WEEENNTFEPVATEQYGIVTANLQELNR,3.27275071695
WEMEVMSTNPVETEQRGSVSTNLQRGNR,5.08673351263
WEMEVMSTNPVETEQRGSVSTNLQSGNR,4.32313279196
WEMFVMSTNPDETEQRGSVSTNLQSGNR,5.28441760572
WEMFVMSTNPVETEQRGSVSTNLQSGNR,3.14775505841
WEQIIRYTNYVSTEQYFCVSTNRQRNNR,4.135720363790001
WIEEFRTTNPVATEQEQKVSTNLQRMNG,4.340834793689999
WIKEFRTTNPVATEQEQKVSTNLQRMNG,3.72068286451
YDCEQCCVNPASDCVWGTLCDINMQIQT,5.91297325406
YDHELAGTNPCSTESFGCSCCNWQNENA,6.37560021185
YDHELAGTNPCSTESFGCVCCNWQNENR,5.82626162086
YDHELAGVNPCSTESFGCSCCNLQREEA,5.21020535104
YDHELAGVNPCSTESFGCSCCNWQNEEA,4.92579729441
YDHELAGVNPCSTESFGCSCCNWQNENA,4.65901075372
YDHELAGVNPCSTESFGCSCCNWQREEA,3.782839340569999
YDHELAGVNPCSTESFGCVSCNLQREEA,5.62069382217
YEAEIVCTNPVCTEQYGSVSMEEEVGNY,5.91560152731
YEAEIVTTNPVCTEQYGSVSMEEEVGNY,5.76033194116
YECEQCCVNPAADCVWGTLCDINQQIQT,5.0761315675
YECEQCCVNPASDCVWGTLCDINMQIQT,4.46886553069
YECEQCCVNPASDCVWGTLCDINQQIQT,4.63514607246
YECEQCCVNPVADCVWGTLCDINQQIQT,4.74699414163
YECEQCCVNPVADCVYGTLCDINQQIQT,5.56174372385
YECEQCTVNPVADCVYGTLCDINQQIQT,4.375600211849999
YEDEIRTFNPCATEIYGDCPATWYYGQY,3.07130299797
YEDEIRTFNPVATEIYGDCPATLYYGQY,4.85868309856
YEDEIRTFNPVATEIYGDCPATWYYGQY,5.18163619884
YEDEIRTFNPVATEIYGDCPTTLYYGQY,5.80504513495
YEDEITCFNPCSTEIYGDCPATWYYDQY,5.16950961105
YEDEITTFNPCATEIYGDCPATWYYGQY,5.05461076049
YEDEITTFNPCSTEIYGDCPATWYYDQY,4.475135885399999
YEDEITTFNPCSTEIYGDCPATWYYGQY,4.12027578737
YEEEITQTNPVGSEMYGEAPSVLQHPQH,4.336388888659999
YEEEITQTNPVGSEMYGEAPTVLQHPQH,4.49300422753
YEEEITTTNPVGSEMYGEAPTVLQHPQH,3.94597517635
YEEEITTTNPVGTEMYGEAPTVLQHPQH,6.01352666669
YEEEQCTVNPVADEVYGTLCDINQQIQR,6.06145239377
YEEEQCTVNPVADEVYGTLCDINQQIQT,4.77830968209
YEERHRTNNAVIEEQYGSVYTNLFRGWR,4.74522504877
YEERHRTNNAVITEQYGSVYTNLFRGWR,4.42329695389
YEERHRTNNPVITEQYGSVYTNLFRGWR,4.72940008161
YEERHRTNNPVITEQYGSVYTNLQRGWR,4.25996456199
YEESIASVNPVCTFTYGVVVDNFQSGSQ,5.53675500367
YEESIASVNPVCVFTYGVSVDNFQSGSQ,4.976781223130001
YEESIASVNPVCVFTYGVVVDNFQSGSQ,5.45764845868
YEGEITQTNPVGSEMYGEAPSVLQHPQH,4.13820562718
YEGEITQTNPVGSEMYGEAPSVVQHPQH,5.17447640727
YEGEVTQTNPVGSEMYGEAPSVVQHPQH,4.15912387249
YEGEVTQVNPVGSEMYGEAPSVVQHPQH,5.03417345546
YEHEIRTTNPVATELYGSASEAICQGNE,4.11415501395
YEHEIRTVNPVATELYGCASEAICQGNE,5.19787683985
YEHEIRTVNPVATELYGSASEAICQGNE,4.963723110769999
YEHEIRWTNPVATEQYWSHSTNLQRINR,5.95133238652
YEHELAGVNPCSTEQFGCVSCNLQREEA,5.41765039074
YEHELAGVNPCSTEQYGCVSCNLQRGEA,6.410409269800001
YEHELAGVNPCSTESFGCVSCNLQREEA,5.72940008161
YEHEVATTNPMSIEGCGAVFCDLEAGNV,4.517712555780001
YEHEVATTNPMSIMGCGAVFCDLEAGNV,4.84565883805
YEHEVATTNPMSTEGCGAVFCDLEAGNV,6.29525375938
YEHEVATTNPVSTEGCGAVFCDLEAGNV,4.58769050142
YEHEVATTNPVSTEGCGAVFTDLEAGNV,5.92246158185
YEIEIASVNPVCVETYGVSSDNFQSGNQ,6.07089044288
YEIEIASVNPVCVETYGVSSDNLQSGNQ,3.93585095908
YEIEIASVNPVCVETYGVVSDNLQSGNQ,4.9328867192
YEIEIASVNPVCVFTYGVSSDNFQSGNQ,5.822703801449999
YENEITCTNPVCTEPYGGVATDDCYGND,5.48522470303
YENEITCTNPVCTEPYGGVATDDQYGND,5.74137272328
YENELTCTNPVCTEPYGGVAEDDCYGND,4.69484285957
YEQEIRTTNPDATDHYGSVEDEDTIEFV,5.15086385005
YEQEIRTTNPDATDHYGSVETEDTIEFV,5.145110322819999
YEQEIRTTNPDATDQYGSVETEDTIEFV,4.14969330634
YEQEIRTTNPDATDQYGSVETEDTIGFV,5.292336276
YEQEIRTTNPVATDQYGSVETEDTIGFV,3.03454444796
YEQEIRTTNPVCTEVYGAASSNLCHGNG,3.597893135580001
YEQEIRTTNPVCTEVYGSASSNLCHGNG,5.72598272105
YEQEITCTNPCCTEVYGAADSEECHGNG,5.98889412974
YEQEITCTNPCCTEVYGAASSEECHGNG,5.03502636417
YEQEITCTNPVCTEVYGAASSEECHGNG,5.312490168
YEQEITCVNPCCTEVYGAADSEECHGNG,3.5643408353400003
YEQEITTTNPVCTEVYGAASSEECHGNG,5.161445615930001
YEQEITTTNPVCTEVYGAASSNECHGNG,4.95778740866
YEQEITTTNPVCTEVYGAASSNLCHGNG,4.96386533525
YEVEIACTNPVCTECYGTADDDWCHGNG,4.62811674577
YEVEIACVNPCCTECYGTADDDWCHGNG,5.21487071965
YEVEITCTNPCCTELYGWADDEECTGNF,6.29631612691
YEVEITCTNPCCTELYGWASDEECTGNF,6.372106255349999
YEVEITCVNPCCTELYGWADDEECTGNF,5.57735349727
YEVEITTTNPCCTELYGWASDEECTGNF,4.88927141839
YEVEITTTNPCCTELYGWVSDEECTGNF,4.153207790519999
YEVEITTTNPCCTELYGWVSDNECTGNF,5.10866135156
YEVEITTTNPVATELYGTVSTNLCVGNH,5.81032007699
YGLKIRTTNTVATEQHGSVSTNLQRGNR,4.543327657590001
YSEEVATFNPMSIMGCGAVFCDLEAKYV,4.18368839697
YSEEVATFNPMSIMGCGAVSCDLEAKYV,3.81604594273
YSEEVATTNPMAIMGCGSVSCDLEAGYV,5.94825630942
YSEEVATTNPMAIMGCGSVSCDLQAGYV,5.62515990403
YSEEVATTNPMATMGCGSVSCDLQAGYV,5.76834146886
YSEEVATTNPMATMGYGSVSCDLQAGYV,5.98517584149
YSEEVATTNPMSIMGCGAVSCDLEAKYV,4.52299896783
YSEEVATTNPMSIMGCGSVSCDLEAKYV,5.88070940489
YSEEVRTTNPMATMGYGSVSCDLQAGNV,5.76523218747
YSEEVRTTNPMATMQYGSVSCDLQAGNV,6.0756210898
YSHEVATFNPMSIMGCGAVFCDLEAGNV,4.16156085793
YSHEVATFNPMSIMGCGAVFCDLEAGYV,5.07677319306
YSHEVATFNPMSIMGCGAVFCDLEAKYV,5.47448440874
YSHEVATTNPMSIMGCGAVFCDLEAGNV,4.58464551727
AEDEVSTTNPVCTEMWGFISENLQHFNR,5.962558832674532
AEEEIAQTNPFSTEQYGVVSEDLEVGED,5.842070187496777
AEEEITTTNPDATENYGEADTNLQLGDA,5.3718042796236585
AEHEIWSVNPVCTEMYGGVAITIQRGQM,5.426257423199674
AENEIAQTNPFATEQYGVVDTDQEVGED,5.475897841668695
AENEIAQTNPFSTEQYGVVSEDQEVGED,4.891659912828014
AENEIWQTNPYATEGYGDAPECPFHEEL,5.192005811273522
AEQEIVPTNPCATEQYGIVGMCLNFGEY,5.151603194261419
CDQELNGVNPCSCEGFGDIAETVQHGEM,5.707163834414872
CDQELNTTNPVACEGFGDISETLQRGER,5.732532941151773
CEEEIITTNYVAVEVYGEFSTNYQTEQM,2.279688982549236
CEQEINTTNPVATEGFGDISETLQRGER,5.622224943930687
DAECIRPTNPFAGCQYWFWHEGPCNEED,5.217786019269223
DAEEIRPTNPFATAQYWDWHEGPCDMED,4.773978646704259
DAEMIRPTNPFAWQFYWSWEHGGDPGLP,4.027573387041096
DAEMIRPTNPFAYSQYWSWEHGDDDGLP,5.218675375004453
DDDEITCVNPVSSEMYGIVSNNLQRLNR,4.502352970011829
DDEEHMDTNPVATEQMGSASTALQRKNT,4.640094984222472
DDEEIRTTNPESSEQYGSVSTPETRGER,6.303958832822065
DDEEIRTTNPFCTEQYGYVDTPDDQGMA,5.84409947977098
DDMPIRMVPCYCTAQYVQNPTNDSMPDQ,3.9051305526254616
DEDEIGSTNPVSYEWWGDVSTALMRGTM,6.358347666538784
DEDEITCVNPVSTEMYGIVSTNLQRLNR,4.265691307115884
DEDEIVCVNPVCSESYGSTSTILQLEMR,5.389406242240238
DEDTCRTTNPPATIQIGSGVTLYCDGNR,4.032522448667863
DEEECVTTNPFATEQYGYFFTGLQRGNR,3.7119357718603023
DEEEICTTNPFATEQYGICPNEQQYGLL,6.286963080884411
DEEEIRATNPDCTEQYQSVSIWLNRGDL,5.516946753449608
DEEEIRAVNPVASEVYGGVGMNLQRGNQ,4.628769976950494
DEEEIRDTTPIETEHYGAFSINLQRGQV,4.303839882000306
DEEEIRTTNPEATDHYGSWDDDLELEFL,6.3973928661018
DEEEIRTTNPEATDHYGSWDDDLQLEFL,6.421775075474915
DEEEIRTTNPGATQQYWSVWEGECILLP,4.604788534068539
DEEEIRTTNPVATEQYWFVWYEECAGQQ,3.624082092920317
DEEEIVQTNPVATEQYGDAPECPCHEEM,4.952189357418467
DEEEIWCTNPHDHDCYHFVADNWWCEFA,5.063010212407181
DEEESRTYPPVHTEQYGSQSTYLKRGMW,4.274239588665945
DEEEVRCVNPVSTEWYGGVGMNLQRGNR,4.392905134652127
DEEEVRTTNPIASENYGAVGNGDQGGMF,5.282860439181176
DEEPQGTTNPYANLYWYSNENLGINGIP,5.596238654383748
DEESIASVNPVCTFTYGSVVDNFQSGSQ,6.046587374368308
DEEYIRTTNPDATIIYGSVSTNLYRENP,3.966441106019833
DEGEIVATNPVCTEVFGDVSTNIYHGPF,5.863543868608772
DEHEIRTTNPVATEQYGDADEDECHEDS,6.082110311601725
DEIEIKQTNPVSTEMYGGVSEQLQRGTR,4.507795055080077
DEIEIRTTNPFAWETYGTNSNNECRGIR,2.9356111590802234
DEIEITTVNPDATEQYGGAEEDVLNGTE,4.27399787047138
DEMEIRMTNPYCTAQYVSVSTNLQRGNR,3.69399559623522
DEQEIRTYNPTATEIYGDDSCAPYMGEI,4.414685650688596
DESEIRTTNPVSSELYGCTSTPLQAGNS,6.408391321265035
DESEIVQTNPDATEQYGSVSTNLCYGDT,4.993040764298805
DESEVRQTNPTACECYGVCSENLQRGQR,4.992717883977634
DETEIRTTNPYSTEQWGEVSEIAMYEEC,5.139551767280175
DEVEIYTTNPVVTEQFGVVNENSQRGNM,4.3350334014682295
DGEYIRTCNPFAMDQYYSVSTNPQFGFG,3.01475504379996
DHEEIRTTNPGATQQYWFVWYEDCEFQQ,2.1965933667857733
DLEECVTTNPFATEQYGYFFTGLQRGNQ,4.436863572282345
DLEEINTTNPVGTEQYQSCSTNPQRANP,4.8106939217918105
DLEYIRTTNPDAYQQYGSVFTPDDPGEG,4.907051158687976
DNEQFRTRWPVAFAQWGSVSDYEHPVSG,3.666630877860584
DNSHIAPTNTIEFLIGWWVEMPAHPYTA,3.011307742181491
DPEEIRPTNWGAAQCYKFVHDGGCQWEN,4.736855180609722
DPEEIRTTNPFATQCYGSVEHPDLPGEP,6.231146983810439
DPEMIRTTNPFATLQYWSWDTGDDPGED,5.020966872733223
DPEQIRTTNPFATQCYGSWEHPDDPGEP,4.988201624758644
DSERIRTTNPIATWQYGSVYTGDQRGNR,3.66550410681275
DVEEIRTKNPVATEMSGVGSTNLKRGSR,3.366518368228085
FEEEIRTTNCHATECYGDVSTCIQSEKN,5.795556546816248
FEEEIRTTNPVGTEQYGSVSNNMERCNC,3.647972713128338
FEEGIRTTNVVATSQYGSVRVMLQRGNR,1.594979625514453
FEEGIRTTNVVATSQYGSVRVMLQRGNS,3.227058647512824
FEHELCAVNPVCTEPWGCVSELVQGGNT,5.93004133114089
GEEELVCVNPVCTELYGDAAENLQRGNR,5.742997773745517
GEHEIRPTNPVGTEQYGVIGTDIQEPLW,5.496422656283301
GEIEIVATNPCSTECWGWTGNLLQHGGT,5.344651404029827
GENEISAVNPVASEQYGWVSDNLDEGEA,4.87769219460649
GEVEICTTNPCASEVYGSVSANLQRGTY,4.155767353327034
GEVEIRQTNPVCTECWGLTSMTLQRGMR,4.81763007797942
GPVEVCCTNCCASEVWGSVAADPQPGTY,4.691140572284711
HAGCTSPTNCFGGCHPWFWHEGPCNEED,4.449797942556144
HDAETACVNPIACQLFGTMDMDLQVPTF,5.484605427708187
HDTEICTVNPIATEQYGTTGTEDETEMI,5.814508666956957
HDTEIRTVNPIATEQYGTTGTELETEMI,4.912185310159413
HDVIQKGVNPICFAAGYHVPCTPVGLFH,3.7601822167143615
HIDNCCATNPILVASQLTWWMCICGMEM,3.82695333579092
HIDNIRATNPILVASQLSVWMCICGGEM,3.585550212594523
KPVAIICTNPTCNECYQSLDTDVDNTNR,4.927311209262542
MELEIRAVNPVCTEGWGIADTAGEVLDL,4.916574649861057
NEIEIVCTNPCSSEMYGNCGMLVQHLPT,4.179635006481201
NENEISCVNPCSTETYGTADDEDQRGNT,5.577318159564552
NESVCRTTNPVWTEQMISVSTALQNYNR,1.8114714454112164
NPETIQTRNFDCFAQCFDWFEGDCHEQC,4.130415681859758
NTEQIRTTNPEDWSTELSWQGAYVGDFP,4.954560261881214
PGESIHATNPTVMHFFQSKFVTLDDPLH,3.973995886101259
QEEEINQTNPVATEQYGGASEVLQHGGR,4.833839258439672
QEEEVRAVNPCASEQFGCTSANLEIGNP,5.33543889967886
QEFEVNAVNPVCCEMYGDAPDFIQHMPV,5.568785684969225
QENEIRVTNPVAGEQYQSVTENEQRGNF,4.294237291118391
QEPEICQTNPIATENYGWAAEIQQMGPT,5.275938653945813
QEQEIVAVNPVSTEMYGEASEVLQRGGR,5.326247686021012
QESEIYSTNPDSTEIYGEADYGWEDMEM,4.295470024699394
QEVEISAVNPESTFIFGCVSANWQQGDF,4.644361459575959
REKSIRTSCPPATEQYGWVSTLLMRGNR,3.436599180388411
SEEEIWATNPTAHEQYGCVSTMPYRGNF,3.7019676027690673
SEGEIWATNPTCHEQFGCVSTMPYRPNF,4.189926214808232
SENEIRPVNPVAYEWYGSMATDPELEQM,4.93355896095198
SENEIVATNPEATETYGEVSDNVDIGLQ,6.428976308238989
SEQEIVSTNPESTEMYGDVSNDDQLGNQ,5.29045722334515
SEVEIVVTNPAASEHYGWVSDNSQNGTF,4.38985379770866
SLECIRTTNPFAWACGGSVETGPYNGLF,3.852079781437036
SLECIRTTNPTATAQGWDVEEGECQEDF,3.818232330144663
SLECIRTTNPTATAQGWDVNEGECNEDF,4.78723354126888
SVFVINACIYGLWLIFQNAYFHPDFFQF,3.9005481399611632
VEEEIRWTNVVAFEQYMHLSTNDQRGNR,2.70298681513282
VEIPIRCTNCFAWETYGTNSNPECEGIH,2.3497932210135843
VHEIIRTTNPQATQIYGSVWHEDDPGLP,4.698781672050219
YECEQCCVNPVADCVYGTLCDINQQIQT,4.874952403960437
YEDEITTFNPCATEIYGDCPATWYYGQY,4.427493426989216
YEEEIKYTSPVATEQYSMVSTNLQRGEQ,2.9772803383812976
YEEEIRKTNPVGTEQYGSVMNNLERGNG,3.442503594828357
YEEEIRTNNPVGTEQYSSVSNNLERGNG,3.884170933989816
YEEEIRTTNPNNTEQYGSVVNNLERGNG,5.660232629793549
YEEEIRTTNPVGTEQYGSVSNNTERFNC,4.5808585172698
YEEEIRTTNPVGTEQYSSVSNNMERGNC,5.470124637114022
YEEEIRTTNPVNTEQYSSESNNLERGNG,5.419408060930999
YEEEIRYTSPDATEQYSMVSTNNQRGER,2.8364178025414475
YEEEIRYTSPVAFEQYSMVSTNLQRGEN,1.7235237461355144
YEEEIRYTSPVATEQYSMVSTLLQRIER,2.355791961635028
YEEEIRYTSPVATEWYSMVSTNLQNGER,4.940754462356184
YEIEIASVNPVCVFTYGVSSDNFQSGSQ,3.3084862468566705
YETEIRTTNPVNTEQYGSVSNNDERGNG,6.165385355888631
YEVEITCTNPCCTELYGWADDEECTGNF,4.336683138687323
YKDLIRTTNPVCTEQYGSVSTNQQRVNT,4.01475504379996
